date;temp
;
01.12.1999;12.6
02.12.1999;10.7
03.12.1999;10.3
04.12.1999;9.2
05.12.1999;8.6
06.12.1999;7.4
07.12.1999;8.7
08.12.1999;8.8
09.12.1999;9.7
10.12.1999;9.8
11.12.1999;10.5
12.12.1999;14
13.12.1999;9.8
14.12.1999;13.1
15.12.1999;9.8
16.12.1999;6
17.12.1999;5.9
18.12.1999;7.7
19.12.1999;9.2
20.12.1999;9.4
21.12.1999;7.4
22.12.1999;8.1
23.12.1999;8.6
24.12.1999;8.7
25.12.1999;13.1
26.12.1999;16.7
27.12.1999;17.8
28.12.1999;12.6
29.12.1999;7.7
30.12.1999;6.2
31.12.1999;7.4
01.01.2000;7.9
02.01.2000;8
03.01.2000;7.8
04.01.2000;7.9
05.01.2000;7.8
06.01.2000;7.7
07.01.2000;7.1
08.01.2000;9.9
09.01.2000;9.9
10.01.2000;8.9
11.01.2000;6.5
12.01.2000;5.7
13.01.2000;5.3
14.01.2000;8.1
15.01.2000;9.8
16.01.2000;9
17.01.2000;7.4
18.01.2000;8.2
19.01.2000;9.2
20.01.2000;7
21.01.2000;6.8
22.01.2000;5.8
23.01.2000;6.2
24.01.2000;5.7
25.01.2000;3.4
26.01.2000;7.1
27.01.2000;9
28.01.2000;7.8
29.01.2000;8.4
30.01.2000;10.1
31.01.2000;10.2
01.02.2000;10.9
02.02.2000;11.3
03.02.2000;12.5
04.02.2000;10.8
05.02.2000;9.4
06.02.2000;10
07.02.2000;11.1
08.02.2000;12.3
09.02.2000;12.3
10.02.2000;11.8
11.02.2000;11.7
12.02.2000;10.3
13.02.2000;8.9
14.02.2000;10.4
15.02.2000;12.5
16.02.2000;12.2
17.02.2000;12.4
18.02.2000;13.9
19.02.2000;13.2
20.02.2000;12
21.02.2000;11.4
22.02.2000;9.7
23.02.2000;9.1
24.02.2000;10.8
25.02.2000;12
26.02.2000;11.4
27.02.2000;11.1
28.02.2000;12.1
29.02.2000;12.4
01.03.2000;14.8
02.03.2000;10.8
03.03.2000;10.8
04.03.2000;11.2
05.03.2000;12.1
06.03.2000;11.6
07.03.2000;11.7
08.03.2000;12.5
09.03.2000;13.6
10.03.2000;15
11.03.2000;13.8
12.03.2000;14.2
13.03.2000;13.2
14.03.2000;13.3
15.03.2000;13.9
16.03.2000;13.7
17.03.2000;12.8
18.03.2000;13.1
19.03.2000;11.8
20.03.2000;11.5
21.03.2000;12.5
22.03.2000;13.4
23.03.2000;13.7
24.03.2000;12.6
25.03.2000;13.4
26.03.2000;13.3
27.03.2000;12.7
28.03.2000;8.8
29.03.2000;9.8
30.03.2000;11.2
31.03.2000;12.8
01.04.2000;11.9
02.04.2000;13.2
03.04.2000;14.7
04.04.2000;14.4
05.04.2000;12.5
06.04.2000;10.9
07.04.2000;11.6
08.04.2000;12.8
09.04.2000;13.5
10.04.2000;12.1
11.04.2000;12.2
12.04.2000;14.6
13.04.2000;15.2
14.04.2000;14.8
15.04.2000;15.2
16.04.2000;14.9
17.04.2000;15.7
18.04.2000;15.2
19.04.2000;14.3
20.04.2000;16.4
21.04.2000;16.2
22.04.2000;15.2
23.04.2000;16.1
24.04.2000;14.6
25.04.2000;15.9
26.04.2000;15.2
27.04.2000;15.9
28.04.2000;12.2
29.04.2000;12.5
30.04.2000;14
01.05.2000;14
02.05.2000;14.6
03.05.2000;16.2
04.05.2000;16.6
05.05.2000;16.7
06.05.2000;16
07.05.2000;16.8
08.05.2000;16.3
09.05.2000;17.8
10.05.2000;16.2
11.05.2000;15.4
12.05.2000;15.3
13.05.2000;17.4
14.05.2000;17.8
15.05.2000;17.9
16.05.2000;18.2
17.05.2000;17.4
18.05.2000;17.7
19.05.2000;15.2
20.05.2000;15.6
21.05.2000;16.6
22.05.2000;16.9
23.05.2000;17.4
24.05.2000;18.5
25.05.2000;18.9
26.05.2000;19.7
27.05.2000;17.8
28.05.2000;18.8
29.05.2000;18.7
30.05.2000;19.6
31.05.2000;20.1
01.06.2000;20.1
02.06.2000;20.2
03.06.2000;20.2
04.06.2000;20.7
05.06.2000;20.2
06.06.2000;18.5
07.06.2000;18.7
08.06.2000;19.1
09.06.2000;19.6
10.06.2000;16.7
11.06.2000;16.3
12.06.2000;17.8
13.06.2000;18.5
14.06.2000;18.7
15.06.2000;21.4
16.06.2000;23.1
17.06.2000;22.1
18.06.2000;20.1
19.06.2000;21.2
20.06.2000;20.2
21.06.2000;20.3
22.06.2000;20.8
23.06.2000;20.8
24.06.2000;20.7
25.06.2000;21.4
26.06.2000;21.9
27.06.2000;22.5
28.06.2000;22.4
29.06.2000;22.8
30.06.2000;23.2
01.07.2000;22.6
02.07.2000;22.3
03.07.2000;23.6
04.07.2000;22.9
05.07.2000;21.8
06.07.2000;22.6
07.07.2000;22.8
08.07.2000;23
09.07.2000;21.5
10.07.2000;21.6
11.07.2000;20.2
12.07.2000;19.1
13.07.2000;20.4
14.07.2000;21
15.07.2000;21.5
16.07.2000;20.2
17.07.2000;20.1
18.07.2000;20.8
19.07.2000;21.8
20.07.2000;22.1
21.07.2000;22.3
22.07.2000;22.4
23.07.2000;22.8
24.07.2000;23.3
25.07.2000;22.8
26.07.2000;22.7
27.07.2000;22.8
28.07.2000;22.8
29.07.2000;22.8
30.07.2000;23.3
31.07.2000;23
01.08.2000;23.8
02.08.2000;23.2
03.08.2000;22.6
04.08.2000;20.7
05.08.2000;20.1
06.08.2000;21.2
07.08.2000;21.8
08.08.2000;22.6
09.08.2000;22.4
10.08.2000;22.6
11.08.2000;22.8
12.08.2000;23.7
13.08.2000;24
14.08.2000;23.4
15.08.2000;24
16.08.2000;24.4
17.08.2000;24.3
18.08.2000;24.3
19.08.2000;23.9
20.08.2000;24.4
21.08.2000;24.4
22.08.2000;22.9
23.08.2000;22.9
24.08.2000;25.4
25.08.2000;24.4
26.08.2000;23.5
27.08.2000;23.3
28.08.2000;22.8
29.08.2000;22.7
30.08.2000;22.1
31.08.2000;20.7
01.09.2000;22.2
02.09.2000;21.8
03.09.2000;20.9
04.09.2000;20.8
05.09.2000;20.4
06.09.2000;21.2
07.09.2000;22.1
08.09.2000;21.9
09.09.2000;20.6
10.09.2000;20.4
11.09.2000;20.8
12.09.2000;21.5
13.09.2000;21.8
14.09.2000;22.4
15.09.2000;22.7
16.09.2000;22.1
17.09.2000;21.4
18.09.2000;19.2
19.09.2000;20.2
20.09.2000;18
21.09.2000;17.9
22.09.2000;19.1
23.09.2000;19.1
24.09.2000;20.4
25.09.2000;20.8
26.09.2000;20.7
27.09.2000;19.7
28.09.2000;19.7
29.09.2000;17.2
30.09.2000;16.6
01.10.2000;15.2
02.10.2000;17.5
03.10.2000;17.2
04.10.2000;17.4
05.10.2000;16
06.10.2000;17.7
07.10.2000;15.8
08.10.2000;15.7
09.10.2000;16.6
10.10.2000;15.8
11.10.2000;16.9
12.10.2000;14.1
13.10.2000;11.8
14.10.2000;13.4
15.10.2000;13.6
16.10.2000;14.1
17.10.2000;13.9
18.10.2000;14.1
19.10.2000;15.7
20.10.2000;16.9
21.10.2000;18.3
22.10.2000;17.8
23.10.2000;18.4
24.10.2000;17.9
25.10.2000;16.9
26.10.2000;16.3
27.10.2000;15.8
28.10.2000;15.3
29.10.2000;15.7
30.10.2000;16.2
31.10.2000;13.7
01.11.2000;12.1
02.11.2000;13.3
03.11.2000;14.3
04.11.2000;11.1
05.11.2000;11.2
06.11.2000;15.3
07.11.2000;11.8
08.11.2000;10.4
09.11.2000;9.4
10.11.2000;9.3
11.11.2000;10.8
12.11.2000;13.9
13.11.2000;14.6
14.11.2000;12.4
15.11.2000;9.1
16.11.2000;9.1
17.11.2000;9
18.11.2000;8.9
19.11.2000;10.2
20.11.2000;11.3
21.11.2000;10.3
22.11.2000;12.1
23.11.2000;12.8
24.11.2000;9.6
25.11.2000;10.1
26.11.2000;14.7
27.11.2000;13.1
28.11.2000;12.2
29.11.2000;14.1
30.11.2000;11.9
01.12.2000;12.2
02.12.2000;12.9
03.12.2000;9.9
04.12.2000;9.7
05.12.2000;10.4
06.12.2000;12.2
07.12.2000;12.4
08.12.2000;12.9
09.12.2000;11.3
10.12.2000;11.8
11.12.2000;11.3
12.12.2000;11
13.12.2000;10.9
14.12.2000;11.3
15.12.2000;10.9
16.12.2000;7.8
17.12.2000;7.3
18.12.2000;9.4
19.12.2000;9.4
20.12.2000;10.3
21.12.2000;11.7
22.12.2000;13.1
23.12.2000;11.5
24.12.2000;11.4
25.12.2000;10.7
26.12.2000;11.2
27.12.2000;10
28.12.2000;8.4
29.12.2000;10.2
30.12.2000;9.3
31.12.2000;7.1
01.01.2001;8.8
02.01.2001;11.4
03.01.2001;11.2
04.01.2001;12.6
05.01.2001;11.1
06.01.2001;13.7
07.01.2001;8.4
08.01.2001;7.6
09.01.2001;7.6
10.01.2001;9.4
11.01.2001;10.2
12.01.2001;11.9
13.01.2001;10.9
14.01.2001;9.2
15.01.2001;8.4
16.01.2001;7.7
17.01.2001;7
18.01.2001;6.7
19.01.2001;7.9
20.01.2001;7.8
21.01.2001;7.4
22.01.2001;7.8
23.01.2001;12.4
24.01.2001;13.5
25.01.2001;11.4
26.01.2001;9.7
27.01.2001;10.1
28.01.2001;9.3
29.01.2001;8.7
30.01.2001;8.9
31.01.2001;9.2
01.02.2001;8.2
02.02.2001;7.6
03.02.2001;8.4
04.02.2001;9.4
05.02.2001;12.3
06.02.2001;12.7
07.02.2001;11.9
08.02.2001;11.7
09.02.2001;10.7
10.02.2001;9
11.02.2001;10.2
12.02.2001;9.8
13.02.2001;10.1
14.02.2001;9.7
15.02.2001;11.6
16.02.2001;9.4
17.02.2001;8.5
18.02.2001;7.7
19.02.2001;9.8
20.02.2001;9.3
21.02.2001;8.6
22.02.2001;10.6
23.02.2001;10.1
24.02.2001;8.7
25.02.2001;6.9
26.02.2001;5.4
27.02.2001;7.2
28.02.2001;7.7
01.03.2001;8.9
02.03.2001;10.8
03.03.2001;14.2
04.03.2001;13.4
05.03.2001;12.7
06.03.2001;12.2
07.03.2001;12.4
08.03.2001;14.1
09.03.2001;12.8
10.03.2001;14.1
11.03.2001;13.4
12.03.2001;12.3
13.03.2001;12.1
14.03.2001;11.5
15.03.2001;10.9
16.03.2001;11.3
17.03.2001;13.9
18.03.2001;12.3
19.03.2001;13.3
20.03.2001;15.1
21.03.2001;15.6
22.03.2001;17.1
23.03.2001;13.9
24.03.2001;14.6
25.03.2001;15.7
26.03.2001;12.8
27.03.2001;12.4
28.03.2001;13
29.03.2001;12.4
30.03.2001;12.7
31.03.2001;12.3
01.04.2001;13.2
02.04.2001;12.3
03.04.2001;12.1
04.04.2001;13.4
05.04.2001;13.2
06.04.2001;14.2
07.04.2001;15.7
08.04.2001;14.3
09.04.2001;13.1
10.04.2001;13.6
11.04.2001;12.4
12.04.2001;13.1
13.04.2001;12.5
14.04.2001;12.1
15.04.2001;12.8
16.04.2001;13.2
17.04.2001;12.5
18.04.2001;12.2
19.04.2001;11.9
20.04.2001;9.2
21.04.2001;9.2
22.04.2001;10.8
23.04.2001;16.9
24.04.2001;15.9
25.04.2001;16.2
26.04.2001;13.2
27.04.2001;13.4
28.04.2001;14.1
29.04.2001;14
30.04.2001;12.6
01.05.2001;10.4
02.05.2001;12.5
03.05.2001;10.9
04.05.2001;12.1
05.05.2001;12.2
06.05.2001;12.2
07.05.2001;14
08.05.2001;14.9
09.05.2001;13.4
10.05.2001;15.3
11.05.2001;17.4
12.05.2001;16.4
13.05.2001;15.7
14.05.2001;15.9
15.05.2001;17.6
16.05.2001;17.2
17.05.2001;16.7
18.05.2001;16.1
19.05.2001;17.1
20.05.2001;19.1
21.05.2001;17.3
22.05.2001;16.8
23.05.2001;17
24.05.2001;18.1
25.05.2001;18.4
26.05.2001;19.5
27.05.2001;20.5
28.05.2001;20.5
29.05.2001;20.8
30.05.2001;21.2
31.05.2001;20.8
01.06.2001;19.5
02.06.2001;20.5
03.06.2001;19
04.06.2001;18.1
05.06.2001;19.1
06.06.2001;18.4
07.06.2001;19.4
08.06.2001;19.9
09.06.2001;20.2
10.06.2001;19.2
11.06.2001;18.3
12.06.2001;19.2
13.06.2001;19.4
14.06.2001;19.8
15.06.2001;21.4
16.06.2001;22.9
17.06.2001;18.8
18.06.2001;19
19.06.2001;19.1
20.06.2001;19.6
21.06.2001;20.4
22.06.2001;21
23.06.2001;21.6
24.06.2001;22.7
25.06.2001;22.2
26.06.2001;21.8
27.06.2001;21.2
28.06.2001;21.1
29.06.2001;20.8
30.06.2001;23.4
01.07.2001;23.4
02.07.2001;22.8
03.07.2001;22.2
04.07.2001;23.1
05.07.2001;23.2
06.07.2001;22.9
07.07.2001;21.9
08.07.2001;22.6
09.07.2001;22.7
10.07.2001;22.5
11.07.2001;22.5
12.07.2001;22.7
13.07.2001;22.8
14.07.2001;23
15.07.2001;19.4
16.07.2001;18.1
17.07.2001;20.9
18.07.2001;20.2
19.07.2001;17.8
20.07.2001;19.1
21.07.2001;19.9
22.07.2001;20.8
23.07.2001;21.1
24.07.2001;24.1
25.07.2001;23.9
26.07.2001;23.8
27.07.2001;22.9
28.07.2001;23.4
29.07.2001;24.8
30.07.2001;25.5
31.07.2001;25.1
01.08.2001;25.4
02.08.2001;25.2
03.08.2001;24.1
04.08.2001;23.4
05.08.2001;23
06.08.2001;23.9
07.08.2001;24
08.08.2001;24
09.08.2001;23.4
10.08.2001;22.4
11.08.2001;22.4
12.08.2001;22.8
13.08.2001;23.3
14.08.2001;23.3
15.08.2001;23.5
16.08.2001;23.7
17.08.2001;23.2
18.08.2001;23.2
19.08.2001;23.2
20.08.2001;22.9
21.08.2001;23.3
22.08.2001;23.8
23.08.2001;23.9
24.08.2001;23.9
25.08.2001;23.9
26.08.2001;24.1
27.08.2001;24.4
28.08.2001;24.1
29.08.2001;24.3
30.08.2001;22.9
31.08.2001;21.4
01.09.2001;19.7
02.09.2001;21.1
03.09.2001;22
04.09.2001;21.3
05.09.2001;20.4
06.09.2001;20.3
07.09.2001;21.2
08.09.2001;21.6
09.09.2001;20.9
10.09.2001;19.8
11.09.2001;17.9
12.09.2001;18.7
13.09.2001;20.1
14.09.2001;21
15.09.2001;19.3
16.09.2001;19.3
17.09.2001;18.3
18.09.2001;15.8
19.09.2001;17.1
20.09.2001;19.1
21.09.2001;18.8
22.09.2001;19.2
23.09.2001;19.3
24.09.2001;18.1
25.09.2001;18.4
26.09.2001;18
27.09.2001;18.6
28.09.2001;18.3
29.09.2001;18.7
30.09.2001;19.2
01.10.2001;20.1
02.10.2001;20.4
03.10.2001;20.2
04.10.2001;19.1
05.10.2001;20
06.10.2001;20.2
07.10.2001;21
08.10.2001;19.5
09.10.2001;17.4
10.10.2001;17.9
11.10.2001;18.3
12.10.2001;19.1
13.10.2001;18.5
14.10.2001;18.2
15.10.2001;18.3
16.10.2001;18
17.10.2001;17.7
18.10.2001;18.4
19.10.2001;18.2
20.10.2001;18.4
21.10.2001;16.8
22.10.2001;16.3
23.10.2001;17.7
24.10.2001;15.8
25.10.2001;15.6
26.10.2001;15.7
27.10.2001;17.1
28.10.2001;18.1
29.10.2001;17.4
30.10.2001;17.1
31.10.2001;18.1
01.11.2001;16.3
02.11.2001;15
03.11.2001;13.6
04.11.2001;13.3
05.11.2001;13.6
06.11.2001;12.1
07.11.2001;11.3
08.11.2001;13.1
09.11.2001;10.2
10.11.2001;8.3
11.11.2001;9.2
12.11.2001;10.4
13.11.2001;13.2
14.11.2001;10.7
15.11.2001;9.2
16.11.2001;12.3
17.11.2001;12.8
18.11.2001;9.6
19.11.2001;9.8
20.11.2001;8.7
21.11.2001;7.8
22.11.2001;7
23.11.2001;7.4
24.11.2001;8.1
25.11.2001;9.3
26.11.2001;8.7
27.11.2001;8.2
28.11.2001;8
29.11.2001;8.6
30.11.2001;9.7
01.12.2001;10.8
02.12.2001;9.4
03.12.2001;10.7
04.12.2001;9.2
05.12.2001;10.4
06.12.2001;10
07.12.2001;10.3
08.12.2001;10.2
09.12.2001;8.4
10.12.2001;8.2
11.12.2001;6.4
12.12.2001;5.1
13.12.2001;4.8
14.12.2001;2.3
15.12.2001;2.1
16.12.2001;1.8
17.12.2001;2.2
18.12.2001;4.4
19.12.2001;5.1
20.12.2001;3.3
21.12.2001;1.9
22.12.2001;0.3
23.12.2001;2.1
24.12.2001;1.3
25.12.2001;0.8
26.12.2001;2.2
27.12.2001;3.2
28.12.2001;5.2
29.12.2001;7.4
30.12.2001;9.2
31.12.2001;7.9
01.01.2002;7.8
02.01.2002;7.8
03.01.2002;8.4
04.01.2002;8.9
05.01.2002;8
06.01.2002;6.6
07.01.2002;6.2
08.01.2002;7
09.01.2002;8.3
10.01.2002;8.2
11.01.2002;7
12.01.2002;6.7
13.01.2002;6.5
14.01.2002;8.8
15.01.2002;7.2
16.01.2002;6.9
17.01.2002;5.4
18.01.2002;5.3
19.01.2002;5.9
20.01.2002;6.4
21.01.2002;7.6
22.01.2002;8.9
23.01.2002;8.6
24.01.2002;12.1
25.01.2002;9.2
26.01.2002;9.8
27.01.2002;11.3
28.01.2002;9.6
29.01.2002;9.6
30.01.2002;8.3
31.01.2002;9.2
01.02.2002;9.3
02.02.2002;8.6
03.02.2002;9.2
04.02.2002;9.7
05.02.2002;10.2
06.02.2002;10.7
07.02.2002;10.6
08.02.2002;8.9
09.02.2002;9.7
10.02.2002;10.3
11.02.2002;9.4
12.02.2002;9.3
13.02.2002;9.4
14.02.2002;8.9
15.02.2002;8.3
16.02.2002;6.8
17.02.2002;7.7
18.02.2002;6.8
19.02.2002;7.3
20.02.2002;8.9
21.02.2002;11.4
22.02.2002;9.4
23.02.2002;10.2
24.02.2002;11.6
25.02.2002;10.9
26.02.2002;10.4
27.02.2002;13.4
28.02.2002;11.5
01.03.2002;11.8
02.03.2002;9.7
03.03.2002;7.6
04.03.2002;9.4
05.03.2002;9.6
06.03.2002;9.5
07.03.2002;10.2
08.03.2002;10.7
09.03.2002;12.1
10.03.2002;11.2
11.03.2002;10.7
12.03.2002;11.3
13.03.2002;12.3
14.03.2002;11.1
15.03.2002;11.5
16.03.2002;11.4
17.03.2002;12.4
18.03.2002;13.2
19.03.2002;15.9
20.03.2002;14.4
21.03.2002;13.4
22.03.2002;13.9
23.03.2002;13.4
24.03.2002;11.3
25.03.2002;10.4
26.03.2002;10.7
27.03.2002;10.9
28.03.2002;11.4
29.03.2002;9.3
30.03.2002;10.6
31.03.2002;11.3
01.04.2002;11.4
02.04.2002;11.7
03.04.2002;10.7
04.04.2002;12.8
05.04.2002;11.8
06.04.2002;11.9
07.04.2002;12.9
08.04.2002;13.4
09.04.2002;12.1
10.04.2002;10.1
11.04.2002;12.7
12.04.2002;11.6
13.04.2002;13.4
14.04.2002;12.1
15.04.2002;10.9
16.04.2002;11.6
17.04.2002;11.5
18.04.2002;12.1
19.04.2002;13.2
20.04.2002;13
21.04.2002;13
22.04.2002;14
23.04.2002;15.2
24.04.2002;16
25.04.2002;16.8
26.04.2002;16.1
27.04.2002;15
28.04.2002;14.1
29.04.2002;14.4
30.04.2002;14.3
01.05.2002;14.5
02.05.2002;11.6
03.05.2002;11.1
04.05.2002;12.8
05.05.2002;11.8
06.05.2002;11.2
07.05.2002;12.7
08.05.2002;13.6
09.05.2002;13.3
10.05.2002;13.6
11.05.2002;11.9
12.05.2002;13.6
13.05.2002;14.7
14.05.2002;15.9
15.05.2002;15.8
16.05.2002;16.8
17.05.2002;17.4
18.05.2002;16.5
19.05.2002;15.7
20.05.2002;16.2
21.05.2002;16.6
22.05.2002;16.9
23.05.2002;16.2
24.05.2002;16.3
25.05.2002;16
26.05.2002;16.1
27.05.2002;15.4
28.05.2002;15.2
29.05.2002;16.2
30.05.2002;17.1
31.05.2002;17.9
01.06.2002;18.6
02.06.2002;18.7
03.06.2002;20.3
04.06.2002;18.7
05.06.2002;17.4
06.06.2002;16.4
07.06.2002;16.7
08.06.2002;14.1
09.06.2002;15.9
10.06.2002;16.8
11.06.2002;17.2
12.06.2002;17.7
13.06.2002;19.4
14.06.2002;20.4
15.06.2002;20.4
16.06.2002;21.1
17.06.2002;21.7
18.06.2002;21.3
19.06.2002;22.6
20.06.2002;22.1
21.06.2002;21.8
22.06.2002;23.4
23.06.2002;23.4
24.06.2002;22.6
25.06.2002;23.8
26.06.2002;22.5
27.06.2002;23.1
28.06.2002;22.8
29.06.2002;21.1
30.06.2002;19.7
01.07.2002;19.6
02.07.2002;20.9
03.07.2002;22
04.07.2002;20.7
05.07.2002;20.9
06.07.2002;19.8
07.07.2002;21.2
08.07.2002;21.3
09.07.2002;21.5
10.07.2002;21.2
11.07.2002;21.3
12.07.2002;21.4
13.07.2002;19.5
14.07.2002;19.7
15.07.2002;21.4
16.07.2002;20.9
17.07.2002;21.5
18.07.2002;21.4
19.07.2002;21.8
20.07.2002;22.3
21.07.2002;23.1
22.07.2002;22.8
23.07.2002;22.7
24.07.2002;22.9
25.07.2002;22
26.07.2002;22.6
27.07.2002;23.3
28.07.2002;23.3
29.07.2002;23.2
30.07.2002;24.3
31.07.2002;22.3
01.08.2002;17.8
02.08.2002;19.8
03.08.2002;21.1
04.08.2002;22.2
05.08.2002;23.2
06.08.2002;22.7
07.08.2002;22
08.08.2002;19.7
09.08.2002;20.4
10.08.2002;17.2
11.08.2002;19.1
12.08.2002;20.6
13.08.2002;22.7
14.08.2002;22.5
15.08.2002;24.2
16.08.2002;24.7
17.08.2002;24.3
18.08.2002;24.2
19.08.2002;24.6
20.08.2002;24.1
21.08.2002;24.2
22.08.2002;22.6
23.08.2002;22.5
24.08.2002;20.3
25.08.2002;22.9
26.08.2002;21.6
27.08.2002;18.9
28.08.2002;19.9
29.08.2002;22.2
30.08.2002;23.8
31.08.2002;23.4
01.09.2002;23.2
02.09.2002;22.1
03.09.2002;22.7
04.09.2002;21.7
05.09.2002;22.7
06.09.2002;21.8
07.09.2002;22.2
08.09.2002;24
09.09.2002;25.3
10.09.2002;21.8
11.09.2002;22.6
12.09.2002;21.7
13.09.2002;20.4
14.09.2002;19.6
15.09.2002;20.9
16.09.2002;20.4
17.09.2002;23.1
18.09.2002;23.4
19.09.2002;23.4
20.09.2002;22.7
21.09.2002;22.3
22.09.2002;22.6
23.09.2002;20.9
24.09.2002;19.1
25.09.2002;17.3
26.09.2002;17.9
27.09.2002;18.8
28.09.2002;19.1
29.09.2002;19.5
30.09.2002;21.2
01.10.2002;20.1
02.10.2002;18.6
03.10.2002;19.1
04.10.2002;20.2
05.10.2002;20.7
06.10.2002;20.1
07.10.2002;18.2
08.10.2002;18.6
09.10.2002;17.8
10.10.2002;15.3
11.10.2002;18.1
12.10.2002;17.6
13.10.2002;18.1
14.10.2002;19.1
15.10.2002;20.6
16.10.2002;20.3
17.10.2002;19.1
18.10.2002;14.9
19.10.2002;14.9
20.10.2002;16.9
21.10.2002;19.4
22.10.2002;19.9
23.10.2002;19
24.10.2002;16.7
25.10.2002;17.4
26.10.2002;17.3
27.10.2002;17.7
28.10.2002;17.4
29.10.2002;17.6
30.10.2002;17.8
31.10.2002;17.4
01.11.2002;16.3
02.11.2002;16.1
03.11.2002;18.3
04.11.2002;15.8
05.11.2002;13.8
06.11.2002;14.1
07.11.2002;14.2
08.11.2002;13.2
09.11.2002;16.3
10.11.2002;16.3
11.11.2002;15.9
12.11.2002;16.7
13.11.2002;16.4
14.11.2002;16.7
15.11.2002;12.6
16.11.2002;11.9
17.11.2002;12.1
18.11.2002;12.7
19.11.2002;13.2
20.11.2002;15
21.11.2002;14.2
22.11.2002;13.8
23.11.2002;14.1
24.11.2002;13.9
25.11.2002;11.9
26.11.2002;12.3
27.11.2002;11.9
28.11.2002;13.6
29.11.2002;12.2
30.11.2002;12.6
01.12.2002;11.6
02.12.2002;12.4
03.12.2002;10.1
04.12.2002;8.9
05.12.2002;9.1
06.12.2002;9.1
07.12.2002;8.4
08.12.2002;9.2
09.12.2002;9.4
10.12.2002;11.7
11.12.2002;11.4
12.12.2002;10.7
13.12.2002;8.8
14.12.2002;9.3
15.12.2002;11.6
16.12.2002;9.1
17.12.2002;10.3
18.12.2002;13.1
19.12.2002;13.7
20.12.2002;13.1
21.12.2002;12.2
22.12.2002;11.7
23.12.2002;12.1
24.12.2002;13.7
25.12.2002;15.4
26.12.2002;15.2
27.12.2002;12.1
28.12.2002;13.3
29.12.2002;10.8
30.12.2002;9.6
31.12.2002;11.7
01.01.2003;11.5
02.01.2003;16.2
03.01.2003;16.6
04.01.2003;12.9
05.01.2003;8.8
06.01.2003;8
07.01.2003;6.6
08.01.2003;7.2
09.01.2003;6.9
10.01.2003;6.5
11.01.2003;4.1
12.01.2003;2.7
14.01.2003;5.1
15.01.2003;5.8
16.01.2003;5.8
17.01.2003;6.8
18.01.2003;6.3
19.01.2003;8.8
20.01.2003;9.2
21.01.2003;11.8
22.01.2003;12.5
23.01.2003;10.6
24.01.2003;9.7
25.01.2003;7.5
26.01.2003;8.8
27.01.2003;12.1
28.01.2003;13.4
29.01.2003;9.9
30.01.2003;8.1
31.01.2003;6.4
01.02.2003;6.3
02.02.2003;7.6
03.02.2003;10.4
04.02.2003;13.4
05.02.2003;8.6
06.02.2003;7.9
07.02.2003;7.9
08.02.2003;8.3
09.02.2003;8.1
10.02.2003;9.7
11.02.2003;8.8
12.02.2003;8.1
13.02.2003;7.2
14.02.2003;6.3
15.02.2003;5.7
16.02.2003;5.7
17.02.2003;3.9
18.02.2003;5.7
19.02.2003;6.2
20.02.2003;9.1
21.02.2003;10.6
22.02.2003;10.7
23.02.2003;11.2
24.02.2003;12.7
25.02.2003;11.6
26.02.2003;12.6
27.02.2003;12.2
28.02.2003;11.6
01.03.2003;11.8
02.03.2003;13.5
03.03.2003;12.1
04.03.2003;12.6
05.03.2003;11.9
06.03.2003;13.4
07.03.2003;11.8
08.03.2003;12.4
09.03.2003;11.8
10.03.2003;11.6
11.03.2003;11.1
12.03.2003;11.7
13.03.2003;12.1
14.03.2003;12.2
15.03.2003;12.6
16.03.2003;10.5
17.03.2003;9.6
18.03.2003;11.6
19.03.2003;11.3
20.03.2003;12.4
21.03.2003;12
22.03.2003;11.8
23.03.2003;13.2
24.03.2003;11.8
25.03.2003;11.5
26.03.2003;11.8
27.03.2003;13.7
28.03.2003;14.6
29.03.2003;14.9
30.03.2003;14.2
31.03.2003;14.3
01.04.2003;16
02.04.2003;14.6
03.04.2003;11.7
04.04.2003;10.3
05.04.2003;11.5
06.04.2003;14.2
07.04.2003;12.1
08.04.2003;12.4
09.04.2003;12.6
10.04.2003;12.4
11.04.2003;13.8
12.04.2003;13.6
13.04.2003;14.6
14.04.2003;14
15.04.2003;15.4
16.04.2003;15.9
17.04.2003;16.1
18.04.2003;17.1
19.04.2003;15
20.04.2003;14.3
21.04.2003;14.3
22.04.2003;13.8
23.04.2003;15.1
24.04.2003;15.3
25.04.2003;16.7
26.04.2003;15.9
27.04.2003;16.8
28.04.2003;17.5
29.04.2003;16.8
30.04.2003;18.3
01.05.2003;17.3
02.05.2003;18.3
03.05.2003;17.5
04.05.2003;18.1
05.05.2003;17.6
06.05.2003;18
07.05.2003;16.5
08.05.2003;17.9
09.05.2003;19.2
10.05.2003;18.1
11.05.2003;18.1
12.05.2003;18.7
13.05.2003;19.2
14.05.2003;17.2
15.05.2003;17.2
16.05.2003;18.3
17.05.2003;17.8
18.05.2003;18.4
19.05.2003;19.6
20.05.2003;18.9
21.05.2003;17.7
22.05.2003;18.2
23.05.2003;20
24.05.2003;19.7
25.05.2003;15.7
26.05.2003;16.3
27.05.2003;18.7
28.05.2003;22.4
29.05.2003;21.3
30.05.2003;21.3
31.05.2003;21.9
01.06.2003;21.7
02.06.2003;21.7
03.06.2003;21.8
04.06.2003;22.5
05.06.2003;21.9
06.06.2003;22.8
07.06.2003;24
08.06.2003;23.2
09.06.2003;24.1
10.06.2003;23.9
11.06.2003;24.2
12.06.2003;26.1
13.06.2003;26.2
14.06.2003;26.8
15.06.2003;28.4
16.06.2003;27.6
17.06.2003;27.1
18.06.2003;25.8
19.06.2003;26.4
20.06.2003;27.4
21.06.2003;27.4
22.06.2003;26.7
23.06.2003;26.7
24.06.2003;26.4
25.06.2003;26.2
26.06.2003;27.5
27.06.2003;27.9
28.06.2003;27.1
29.06.2003;26.9
30.06.2003;27.5
01.07.2003;28.6
02.07.2003;25.5
03.07.2003;24.4
04.07.2003;24.7
05.07.2003;24.9
06.07.2003;25.6
07.07.2003;25.7
08.07.2003;26.4
09.07.2003;26.6
10.07.2003;27.6
11.07.2003;27.2
12.07.2003;28.4
13.07.2003;28.6
14.07.2003;27.8
15.07.2003;28
16.07.2003;28.2
17.07.2003;26.7
18.07.2003;26.5
19.07.2003;27.2
20.07.2003;27.7
21.07.2003;28.7
22.07.2003;28.3
23.07.2003;27.7
24.07.2003;27.1
25.07.2003;27.5
26.07.2003;28.4
27.07.2003;28.4
28.07.2003;27.3
29.07.2003;27.8
30.07.2003;28.2
31.07.2003;27.1
01.08.2003;27.3
02.08.2003;28.4
03.08.2003;28.1
04.08.2003;27.9
05.08.2003;28.2
06.08.2003;28.3
07.08.2003;29
08.08.2003;29.4
09.08.2003;29.3
10.08.2003;29.1
11.08.2003;29.2
12.08.2003;29.6
13.08.2003;29.8
14.08.2003;29.4
15.08.2003;28.7
16.08.2003;28.1
17.08.2003;26.6
18.08.2003;26.8
19.08.2003;27.9
20.08.2003;28.1
21.08.2003;27.6
22.08.2003;27.7
23.08.2003;28.9
24.08.2003;27.8
25.08.2003;27.9
26.08.2003;28.9
27.08.2003;28.9
28.08.2003;28
29.08.2003;28.2
30.08.2003;26.9
31.08.2003;25.5
01.09.2003;22.9
02.09.2003;23.1
03.09.2003;22.4
04.09.2003;23.4
05.09.2003;23.4
06.09.2003;23.3
07.09.2003;21.9
08.09.2003;23.1
09.09.2003;22.1
10.09.2003;23.2
11.09.2003;22.8
12.09.2003;23.5
13.09.2003;24
14.09.2003;22.8
15.09.2003;21.8
16.09.2003;21
17.09.2003;22.1
18.09.2003;21.6
19.09.2003;22
20.09.2003;23.3
21.09.2003;23
22.09.2003;24.7
23.09.2003;22.1
24.09.2003;22.3
25.09.2003;21.9
26.09.2003;21.4
27.09.2003;20.4
28.09.2003;22.1
29.09.2003;21.7
30.09.2003;20.4
01.10.2003;24.2
02.10.2003;22.9
03.10.2003;23.3
04.10.2003;20.7
05.10.2003;17.4
06.10.2003;15.4
07.10.2003;16.4
08.10.2003;18.9
09.10.2003;19.6
10.10.2003;19.3
11.10.2003;19.2
12.10.2003;20.6
13.10.2003;21.1
14.10.2003;20.1
15.10.2003;19.4
16.10.2003;16.7
17.10.2003;17.2
18.10.2003;16
19.10.2003;17.1
20.10.2003;19.5
21.10.2003;16.8
22.10.2003;14.8
23.10.2003;14.4
24.10.2003;13.1
25.10.2003;12.2
26.10.2003;11.1
27.10.2003;12.6
28.10.2003;15.4
29.10.2003;16.9
30.10.2003;16.1
31.10.2003;17.1
01.11.2003;13.6
02.11.2003;13.8
03.11.2003;14.3
04.11.2003;14.8
05.11.2003;14.7
06.11.2003;13.6
07.11.2003;13.6
08.11.2003;15.7
09.11.2003;17.9
10.11.2003;17.4
11.11.2003;16.6
12.11.2003;14.9
13.11.2003;15.6
14.11.2003;14.7
15.11.2003;14.2
16.11.2003;17.6
17.11.2003;15.2
18.11.2003;13.4
19.11.2003;13.3
20.11.2003;14.9
21.11.2003;16.5
22.11.2003;16.6
23.11.2003;17.8
24.11.2003;14.8
25.11.2003;13.6
26.11.2003;13.4
27.11.2003;13.1
28.11.2003;11.2
29.11.2003;11.7
30.11.2003;14.4
01.12.2003;13.3
02.12.2003;11.2
03.12.2003;10.8
04.12.2003;11.9
05.12.2003;14.1
06.12.2003;14.3
07.12.2003;12.4
08.12.2003;11.2
09.12.2003;9.2
10.12.2003;10
11.12.2003;8.4
12.12.2003;10.7
13.12.2003;13.1
14.12.2003;12.9
15.12.2003;11.1
16.12.2003;9.3
17.12.2003;10.8
18.12.2003;11.8
19.12.2003;11.6
20.12.2003;11.1
21.12.2003;12.9
22.12.2003;10.1
23.12.2003;7.4
24.12.2003;9.5
25.12.2003;9.1
26.12.2003;9.3
27.12.2003;8.4
28.12.2003;8.6
29.12.2003;8.4
30.12.2003;10.4
31.12.2003;9.7
01.01.2004;7.8
02.01.2004;9.2
03.01.2004;8.4
04.01.2004;7.8
05.01.2004;8.1
06.01.2004;8.4
07.01.2004;9
08.01.2004;9.4
09.01.2004;14.8
10.01.2004;14.2
11.01.2004;13.7
12.01.2004;14.6
13.01.2004;17.1
14.01.2004;16.1
15.01.2004;11.3
16.01.2004;10.9
17.01.2004;14.1
18.01.2004;10.6
19.01.2004;8.5
20.01.2004;10.6
21.01.2004;11.6
22.01.2004;10.2
23.01.2004;11.5
24.01.2004;11.3
25.01.2004;10.7
26.01.2004;13.4
27.01.2004;13
28.01.2004;10.4
29.01.2004;10.1
30.01.2004;10.2
31.01.2004;13.4
01.02.2004;12.8
02.02.2004;11.9
03.02.2004;11.3
04.02.2004;11.3
05.02.2004;11.7
06.02.2004;11.7
07.02.2004;11.3
08.02.2004;12.1
09.02.2004;10.6
10.02.2004;9.6
11.02.2004;10.2
12.02.2004;11.2
13.02.2004;10.8
14.02.2004;10.1
15.02.2004;10.9
16.02.2004;9.6
17.02.2004;9
18.02.2004;8.9
19.02.2004;8.1
20.02.2004;9.2
21.02.2004;13.8
22.02.2004;14.1
23.02.2004;11.7
24.02.2004;9.3
25.02.2004;9.6
26.02.2004;7.8
27.02.2004;7.4
28.02.2004;8.2
29.02.2004;5.8
01.03.2004;5.1
02.03.2004;6.2
03.03.2004;7.9
04.03.2004;11.1
05.03.2004;13.5
06.03.2004;13.7
07.03.2004;12.3
08.03.2004;11.1
09.03.2004;10.3
10.03.2004;10.2
11.03.2004;11.4
12.03.2004;13.6
13.03.2004;14.2
14.03.2004;12.9
15.03.2004;13.7
16.03.2004;13.9
17.03.2004;13.6
18.03.2004;14.1
19.03.2004;14.9
20.03.2004;14.4
21.03.2004;14.2
22.03.2004;12.7
23.03.2004;12.1
24.03.2004;10.5
25.03.2004;10.6
26.03.2004;10.9
27.03.2004;7.9
28.03.2004;11.7
29.03.2004;13.6
30.03.2004;13.6
31.03.2004;14.4
01.04.2004;13.7
02.04.2004;15.2
03.04.2004;14.1
04.04.2004;14.8
05.04.2004;15.6
06.04.2004;15.2
07.04.2004;13.7
08.04.2004;10.9
09.04.2004;11.4
10.04.2004;12.3
11.04.2004;12.1
12.04.2004;11.9
13.04.2004;13.3
14.04.2004;13.8
15.04.2004;13.9
16.04.2004;14.5
17.04.2004;15
18.04.2004;14.8
19.04.2004;14.9
20.04.2004;16.8
21.04.2004;15.9
22.04.2004;14.5
23.04.2004;16.4
24.04.2004;16.7
25.04.2004;16.6
26.04.2004;15.9
27.04.2004;16.4
28.04.2004;16.1
29.04.2004;15.5
30.04.2004;14.9
01.05.2004;14.2
02.05.2004;15.2
03.05.2004;16.4
04.05.2004;16.1
05.05.2004;14.4
06.05.2004;15.8
07.05.2004;15
08.05.2004;14.2
09.05.2004;14.9
10.05.2004;15.5
11.05.2004;14.4
12.05.2004;16
13.05.2004;17
14.05.2004;17
15.05.2004;17.4
16.05.2004;18.7
17.05.2004;18.7
18.05.2004;17.3
19.05.2004;19.3
20.05.2004;19.3
21.05.2004;18.1
22.05.2004;18.5
23.05.2004;18.6
24.05.2004;18.7
25.05.2004;18.6
26.05.2004;18.5
27.05.2004;19.2
28.05.2004;19.9
29.05.2004;20.6
30.05.2004;20.7
31.05.2004;21.3
01.06.2004;22.2
02.06.2004;21.9
03.06.2004;21.8
04.06.2004;21.3
05.06.2004;21.6
06.06.2004;22
07.06.2004;21.9
08.06.2004;21.4
09.06.2004;21.7
10.06.2004;22.6
11.06.2004;23.2
12.06.2004;23.4
13.06.2004;22.2
14.06.2004;21.1
15.06.2004;20.8
16.06.2004;22.1
17.06.2004;23.6
18.06.2004;23.4
19.06.2004;22.2
20.06.2004;21.3
21.06.2004;22.4
22.06.2004;23.4
23.06.2004;23.6
24.06.2004;24
25.06.2004;24.3
26.06.2004;24.6
27.06.2004;25.7
28.06.2004;27.4
29.06.2004;26.4
30.06.2004;25.6
01.07.2004;24.9
02.07.2004;23.7
03.07.2004;24.6
04.07.2004;24.6
05.07.2004;25.1
06.07.2004;25.4
07.07.2004;25.6
08.07.2004;26.1
09.07.2004;23.2
10.07.2004;23.2
11.07.2004;20.9
12.07.2004;21.2
13.07.2004;21.9
14.07.2004;22.7
15.07.2004;23.8
16.07.2004;23.9
17.07.2004;24.4
18.07.2004;24.4
19.07.2004;24.3
20.07.2004;25.5
21.07.2004;25.7
22.07.2004;26
23.07.2004;25.9
24.07.2004;27.2
25.07.2004;27.2
26.07.2004;26.5
27.07.2004;25.9
28.07.2004;25.9
29.07.2004;25.7
30.07.2004;26.6
31.07.2004;26.9
01.08.2004;27.2
02.08.2004;27.9
03.08.2004;27.8
04.08.2004;26.1
05.08.2004;24.9
06.08.2004;26.2
07.08.2004;26.7
08.08.2004;26.8
09.08.2004;27.6
10.08.2004;28.3
11.08.2004;27.4
12.08.2004;28
13.08.2004;26.2
14.08.2004;26.3
15.08.2004;26.4
16.08.2004;27
17.08.2004;27.4
18.08.2004;27.5
19.08.2004;28.6
20.08.2004;27.6
21.08.2004;25.4
22.08.2004;25.3
23.08.2004;25.9
24.08.2004;26.3
25.08.2004;26
26.08.2004;25.5
27.08.2004;24.7
28.08.2004;24.9
29.08.2004;24.8
30.08.2004;24.8
31.08.2004;24.8
01.09.2004;25.1
02.09.2004;25.2
03.09.2004;24
04.09.2004;25.3
05.09.2004;25.7
06.09.2004;26.6
07.09.2004;24.6
08.09.2004;24.7
09.09.2004;24.7
10.09.2004;25.3
11.09.2004;25.7
12.09.2004;24.5
13.09.2004;24.6
14.09.2004;24.2
15.09.2004;23
16.09.2004;21.5
17.09.2004;21.3
18.09.2004;22.3
19.09.2004;23.4
20.09.2004;23.8
21.09.2004;23.7
22.09.2004;23.3
23.09.2004;22.8
24.09.2004;22.3
25.09.2004;21.4
26.09.2004;20.4
27.09.2004;20.9
28.09.2004;21.9
29.09.2004;22.4
30.09.2004;22.3
01.10.2004;22.3
02.10.2004;22.4
03.10.2004;22
04.10.2004;22.7
05.10.2004;22.9
06.10.2004;23.2
07.10.2004;22.5
08.10.2004;22
09.10.2004;21.4
10.10.2004;20.8
11.10.2004;20.3
12.10.2004;17.4
13.10.2004;17.1
14.10.2004;17
15.10.2004;16.7
16.10.2004;17.8
17.10.2004;16.7
18.10.2004;18.3
19.10.2004;21.2
20.10.2004;22.8
21.10.2004;21.2
22.10.2004;19.3
23.10.2004;18.9
24.10.2004;19.3
25.10.2004;19.1
26.10.2004;15.5
27.10.2004;14.3
28.10.2004;15.6
29.10.2004;15.1
30.10.2004;14
31.10.2004;14.4
01.11.2004;12.6
02.11.2004;12.9
03.11.2004;12.9
04.11.2004;14.1
05.11.2004;15
06.11.2004;15.1
07.11.2004;13.7
08.11.2004;12.2
09.11.2004;12.9
10.11.2004;12.6
11.11.2004;11
12.11.2004;12
13.11.2004;13.4
14.11.2004;12.6
15.11.2004;8.3
16.11.2004;8.7
17.11.2004;9.4
18.11.2004;11.2
19.11.2004;10.6
20.11.2004;11.9
21.11.2004;13.1
22.11.2004;13.3
23.11.2004;12
24.11.2004;10.7
25.11.2004;12.4
26.11.2004;10.9
27.11.2004;9.4
28.11.2004;10.3
29.11.2004;9
30.11.2004;7.8
01.12.2004;10.2
02.12.2004;12.4
03.12.2004;11.9
04.12.2004;13.3
05.12.2004;12.8
06.12.2004;10.4
07.12.2004;13.1
08.12.2004;14.8
09.12.2004;14.7
10.12.2004;15.2
11.12.2004;13.2
12.12.2004;13.5
13.12.2004;12.9
14.12.2004;12.2
15.12.2004;13.4
16.12.2004;11.4
17.12.2004;12.4
18.12.2004;13.6
19.12.2004;14
20.12.2004;13.2
21.12.2004;9.1
22.12.2004;7.7
23.12.2004;9.9
24.12.2004;9.9
25.12.2004;7.6
26.12.2004;7.5
27.12.2004;6.8
28.12.2004;6.1
29.12.2004;8.6
30.12.2004;8.4
31.12.2004;9.3
01.01.2005;11.4
02.01.2005;9.9
03.01.2005;9.4
04.01.2005;8.9
05.01.2005;8.7
06.01.2005;8
07.01.2005;9.4
08.01.2005;9
09.01.2005;8.7
10.01.2005;8.6
11.01.2005;6.8
12.01.2005;5.7
13.01.2005;8.1
14.01.2005;8.3
15.01.2005;8.5
16.01.2005;11.2
17.01.2005;9.3
18.01.2005;9.5
19.01.2005;11.2
20.01.2005;11
21.01.2005;13.3
22.01.2005;11.3
23.01.2005;9.9
24.01.2005;10.2
25.01.2005;5.4
26.01.2005;3.6
27.01.2005;2.4
28.01.2005;3.7
29.01.2005;6.9
30.01.2005;4.8
31.01.2005;5.6
01.02.2005;7.7
02.02.2005;10.2
03.02.2005;8.3
04.02.2005;8.3
05.02.2005;8.5
06.02.2005;9.7
07.02.2005;10.1
08.02.2005;11.3
09.02.2005;11.4
10.02.2005;10.3
11.02.2005;10.8
12.02.2005;13.8
13.02.2005;13.9
14.02.2005;10.3
15.02.2005;9
16.02.2005;7.5
17.02.2005;6.1
18.02.2005;5.3
19.02.2005;7.4
20.02.2005;8.4
21.02.2005;6.9
22.02.2005;4.6
23.02.2005;5.2
24.02.2005;6.2
25.02.2005;6.9
26.02.2005;6.5
27.02.2005;7.5
28.02.2005;3.8
01.03.2005;5.2
02.03.2005;6.8
03.03.2005;9.3
04.03.2005;6.8
05.03.2005;8.4
06.03.2005;8.2
07.03.2005;7.1
08.03.2005;7.2
09.03.2005;7.7
10.03.2005;8.6
11.03.2005;7.7
12.03.2005;9.1
13.03.2005;10.5
14.03.2005;12.4
15.03.2005;13.1
16.03.2005;11.9
17.03.2005;11.9
18.03.2005;12.5
19.03.2005;12.7
20.03.2005;13.3
21.03.2005;13.6
22.03.2005;14.8
23.03.2005;15.2
24.03.2005;15
25.03.2005;14.9
26.03.2005;15.1
27.03.2005;16.9
28.03.2005;14.8
29.03.2005;15.6
30.03.2005;14.2
31.03.2005;13.9
01.04.2005;14.7
02.04.2005;13.9
03.04.2005;15.3
04.04.2005;14.6
05.04.2005;14.6
06.04.2005;14.5
07.04.2005;15.2
08.04.2005;14
09.04.2005;10.6
10.04.2005;13.7
11.04.2005;14.5
12.04.2005;13.9
13.04.2005;14.1
14.04.2005;14.1
15.04.2005;13.7
16.04.2005;13.7
17.04.2005;15.1
18.04.2005;17.2
19.04.2005;15.8
20.04.2005;15.2
21.04.2005;14.7
22.04.2005;16
23.04.2005;16.1
24.04.2005;16.8
25.04.2005;16.8
26.04.2005;16.4
27.04.2005;16.5
28.04.2005;17.3
29.04.2005;17.8
30.04.2005;18.2
01.05.2005;19.4
02.05.2005;18.6
03.05.2005;19.5
04.05.2005;18.9
05.05.2005;18.1
06.05.2005;17.9
07.05.2005;17.2
08.05.2005;17.3
09.05.2005;18.4
10.05.2005;19.1
11.05.2005;18.4
12.05.2005;18.6
13.05.2005;19.1
14.05.2005;19.4
15.05.2005;18.8
16.05.2005;18.8
17.05.2005;14.7
18.05.2005;17.3
19.05.2005;18
20.05.2005;19.4
21.05.2005;19.4
22.05.2005;19.8
23.05.2005;19
24.05.2005;19.9
25.05.2005;20.7
26.05.2005;19
27.05.2005;20.2
28.05.2005;21.3
29.05.2005;21.8
30.05.2005;22.3
31.05.2005;21.7
01.06.2005;21.7
02.06.2005;22
03.06.2005;21.6
04.06.2005;21.9
05.06.2005;22.2
06.06.2005;22.3
07.06.2005;22.8
08.06.2005;21.7
09.06.2005;20.7
10.06.2005;21.4
11.06.2005;21.8
12.06.2005;21.8
13.06.2005;21.3
14.06.2005;21.2
15.06.2005;21.6
16.06.2005;23.4
17.06.2005;24.4
18.06.2005;24.9
19.06.2005;24.8
20.06.2005;25.8
21.06.2005;26.3
22.06.2005;26.7
23.06.2005;26.4
24.06.2005;27.4
25.06.2005;25.9
26.06.2005;25.4
27.06.2005;25.7
28.06.2005;28.5
29.06.2005;27.9
30.06.2005;26.1
01.07.2005;24.8
02.07.2005;25
03.07.2005;26.4
04.07.2005;25.7
05.07.2005;24.4
06.07.2005;25.4
07.07.2005;22.9
08.07.2005;22.1
09.07.2005;22.3
10.07.2005;22.6
11.07.2005;24.2
12.07.2005;25.1
13.07.2005;25.5
14.07.2005;25.9
15.07.2005;26.7
16.07.2005;26.1
17.07.2005;26.7
18.07.2005;26.9
19.07.2005;26.7
20.07.2005;26.5
21.07.2005;26.2
22.07.2005;26.5
23.07.2005;26.6
24.07.2005;26.6
25.07.2005;27.1
26.07.2005;26.8
27.07.2005;27.4
28.07.2005;27.1
29.07.2005;27.6
30.07.2005;26.8
31.07.2005;25.7
01.08.2005;24.4
02.08.2005;21.6
03.08.2005;23.6
04.08.2005;25.1
05.08.2005;25.8
06.08.2005;26
07.08.2005;26.1
08.08.2005;25.1
09.08.2005;24.8
10.08.2005;26.1
11.08.2005;24.4
12.08.2005;24.9
13.08.2005;26.4
14.08.2005;26.4
15.08.2005;26.1
16.08.2005;25.2
17.08.2005;25.9
18.08.2005;25.3
19.08.2005;24.6
20.08.2005;22.4
21.08.2005;22.2
22.08.2005;23.7
23.08.2005;24.2
24.08.2005;24.1
25.08.2005;24.2
26.08.2005;25.1
27.08.2005;24.5
28.08.2005;24.4
29.08.2005;25.4
30.08.2005;24.4
31.08.2005;24.3
01.09.2005;25.6
02.09.2005;25.3
03.09.2005;25.8
04.09.2005;25.3
05.09.2005;25.8
06.09.2005;23.6
07.09.2005;21.8
08.09.2005;20.9
09.09.2005;22.1
10.09.2005;23.8
11.09.2005;22.1
12.09.2005;21.4
13.09.2005;21.7
14.09.2005;22.3
15.09.2005;23.4
16.09.2005;24
17.09.2005;19.9
18.09.2005;19.2
19.09.2005;18
20.09.2005;18.8
21.09.2005;19.2
22.09.2005;20
23.09.2005;21.6
24.09.2005;22.6
25.09.2005;21.5
26.09.2005;20.7
27.09.2005;21.1
28.09.2005;21.5
29.09.2005;21.5
30.09.2005;21.6
01.10.2005;21.3
02.10.2005;19.3
03.10.2005;17.9
04.10.2005;17.4
05.10.2005;18.4
06.10.2005;18.4
07.10.2005;17.8
08.10.2005;19
09.10.2005;19.9
10.10.2005;20.3
11.10.2005;19.7
12.10.2005;21.2
13.10.2005;19.9
14.10.2005;18.4
15.10.2005;19.6
16.10.2005;18.6
17.10.2005;18.2
18.10.2005;20.6
19.10.2005;20.6
20.10.2005;18.6
21.10.2005;20.2
22.10.2005;20.8
23.10.2005;18.8
24.10.2005;18.8
25.10.2005;18
26.10.2005;18.5
27.10.2005;20.3
28.10.2005;21.1
29.10.2005;21.4
30.10.2005;20.2
31.10.2005;20.7
01.11.2005;17.8
02.11.2005;18
03.11.2005;18.3
04.11.2005;18.7
05.11.2005;14.9
06.11.2005;14.1
07.11.2005;14.3
08.11.2005;15.6
09.11.2005;14.7
10.11.2005;16.6
11.11.2005;14.6
12.11.2005;14.9
13.11.2005;15.8
14.11.2005;16.1
15.11.2005;15.3
16.11.2005;13.9
17.11.2005;13.9
18.11.2005;13.2
19.11.2005;12.3
20.11.2005;12.7
21.11.2005;12.9
22.11.2005;11.7
23.11.2005;10
24.11.2005;8.4
25.11.2005;10.9
26.11.2005;9.4
27.11.2005;8.7
28.11.2005;8.8
29.11.2005;9.4
30.11.2005;7.6
01.12.2005;9.2
02.12.2005;12.8
03.12.2005;12.7
04.12.2005;12.7
05.12.2005;13.7
06.12.2005;10.8
07.12.2005;9.1
08.12.2005;8.8
09.12.2005;9.4
10.12.2005;8.6
11.12.2005;6.3
12.12.2005;6.1
13.12.2005;7.2
14.12.2005;6
15.12.2005;5.8
16.12.2005;6.4
17.12.2005;9.9
18.12.2005;9.6
19.12.2005;7.8
20.12.2005;7.3
21.12.2005;6.7
22.12.2005;6.2
23.12.2005;6.9
24.12.2005;7.2
25.12.2005;5.8
26.12.2005;5.7
27.12.2005;7.2
28.12.2005;5.2
29.12.2005;4.1
30.12.2005;6.9
31.12.2005;10.6
01.01.2006;12
02.01.2006;10.8
03.01.2006;9.8
04.01.2006;6.6
05.01.2006;6.4
06.01.2006;7.3
07.01.2006;12
08.01.2006;12.6
09.01.2006;10.2
10.01.2006;11.1
11.01.2006;9.9
12.01.2006;8
13.01.2006;8.3
14.01.2006;8
15.01.2006;6.8
16.01.2006;9.3
17.01.2006;10.7
18.01.2006;11.1
19.01.2006;11.3
20.01.2006;10.4
21.01.2006;11.2
22.01.2006;9.6
23.01.2006;8.3
24.01.2006;7.9
25.01.2006;6.8
26.01.2006;6.4
27.01.2006;5.1
28.01.2006;3.2
29.01.2006;6.2
30.01.2006;11.2
31.01.2006;13.6
01.02.2006;10.5
02.02.2006;9.7
03.02.2006;9.7
04.02.2006;8.6
05.02.2006;6.9
06.02.2006;7.3
07.02.2006;8.2
08.02.2006;8.8
09.02.2006;8.9
10.02.2006;9.4
11.02.2006;8.4
12.02.2006;9.8
13.02.2006;10.2
14.02.2006;11.2
15.02.2006;10.8
16.02.2006;15.1
17.02.2006;15.2
18.02.2006;14.2
19.02.2006;13.4
20.02.2006;11.8
21.02.2006;9.4
22.02.2006;8.8
23.02.2006;9
24.02.2006;7.8
25.02.2006;8.2
26.02.2006;9.2
27.02.2006;11.4
28.02.2006;7.6
01.03.2006;8.2
02.03.2006;10.1
03.03.2006;13.1
04.03.2006;14.3
05.03.2006;11.2
06.03.2006;10.8
07.03.2006;10.1
08.03.2006;12.6
09.03.2006;14.6
10.03.2006;14.5
11.03.2006;13.7
12.03.2006;11.7
13.03.2006;10.4
14.03.2006;12.2
15.03.2006;12
16.03.2006;12.1
17.03.2006;11.7
18.03.2006;13.6
19.03.2006;13.3
20.03.2006;14.1
21.03.2006;13.8
22.03.2006;13.4
23.03.2006;14.2
24.03.2006;15.9
25.03.2006;13.3
26.03.2006;14
27.03.2006;13.7
28.03.2006;15.9
29.03.2006;12.4
30.03.2006;14.6
31.03.2006;15.1
01.04.2006;14.4
02.04.2006;15.4
03.04.2006;14.1
04.04.2006;13.3
05.04.2006;14.3
06.04.2006;13.2
07.04.2006;12.7
08.04.2006;13.5
09.04.2006;14.3
10.04.2006;14
11.04.2006;11.6
12.04.2006;12
13.04.2006;13
14.04.2006;13.5
15.04.2006;14.7
16.04.2006;14.6
17.04.2006;14.8
18.04.2006;14.4
19.04.2006;13.9
20.04.2006;14.6
21.04.2006;14.7
22.04.2006;16.3
23.04.2006;16.1
24.04.2006;16.6
25.04.2006;17.6
26.04.2006;18.2
27.04.2006;16.4
28.04.2006;16.1
29.04.2006;15.5
30.04.2006;14.6
01.05.2006;15.8
02.05.2006;16.3
03.05.2006;17
04.05.2006;17.9
05.05.2006;18.1
06.05.2006;16.7
07.05.2006;16.3
08.05.2006;16.8
09.05.2006;15.7
10.05.2006;16.2
11.05.2006;16.3
12.05.2006;16.9
13.05.2006;17.3
14.05.2006;17.8
15.05.2006;18.7
16.05.2006;18.9
17.05.2006;19.4
18.05.2006;19.2
19.05.2006;18.8
20.05.2006;18.8
21.05.2006;19.1
22.05.2006;20.7
23.05.2006;18.3
24.05.2006;17.3
25.05.2006;16.8
26.05.2006;18.4
27.05.2006;21.1
28.05.2006;22
29.05.2006;20.6
30.05.2006;19.2
31.05.2006;15.7
01.06.2006;16.6
02.06.2006;18.3
03.06.2006;18.2
04.06.2006;18.7
05.06.2006;18.8
06.06.2006;19.4
07.06.2006;18.8
08.06.2006;18.6
09.06.2006;19.4
10.06.2006;19.9
11.06.2006;20.3
12.06.2006;20.6
13.06.2006;19.7
14.06.2006;19.8
15.06.2006;21.3
16.06.2006;22.3
17.06.2006;22.1
18.06.2006;21.8
19.06.2006;21.9
20.06.2006;22.3
21.06.2006;22.8
22.06.2006;23.4
23.06.2006;22.7
24.06.2006;23.8
25.06.2006;22.9
26.06.2006;22.9
27.06.2006;23.6
28.06.2006;23
29.06.2006;24.7
30.06.2006;24.2
01.07.2006;24.6
02.07.2006;24.7
03.07.2006;23.7
04.07.2006;24.3
05.07.2006;24.5
06.07.2006;24.2
07.07.2006;23.6
08.07.2006;24.1
09.07.2006;24.4
10.07.2006;26.3
11.07.2006;25.8
12.07.2006;26.1
13.07.2006;26.5
14.07.2006;25.6
15.07.2006;25.6
16.07.2006;25.6
17.07.2006;26
18.07.2006;25.3
19.07.2006;26.4
20.07.2006;26.3
21.07.2006;26.2
22.07.2006;26.1
23.07.2006;27.2
24.07.2006;27
25.07.2006;26.8
26.07.2006;26.9
27.07.2006;26.5
28.07.2006;25.9
29.07.2006;25.7
30.07.2006;26.1
31.07.2006;26.3
01.08.2006;26.7
02.08.2006;26.4
03.08.2006;26.3
04.08.2006;24.2
05.08.2006;24.8
06.08.2006;24.3
07.08.2006;24.2
08.08.2006;23.4
09.08.2006;23.5
10.08.2006;24.5
11.08.2006;24.2
12.08.2006;22.2
13.08.2006;21.2
14.08.2006;21.4
15.08.2006;21.1
16.08.2006;21.4
17.08.2006;23.3
18.08.2006;22.1
19.08.2006;23.3
20.08.2006;23.2
21.08.2006;23.2
22.08.2006;23.1
23.08.2006;23.3
24.08.2006;23.3
25.08.2006;22.6
26.08.2006;22.6
27.08.2006;22.7
28.08.2006;22.9
29.08.2006;22.9
30.08.2006;22.2
31.08.2006;22.8
01.09.2006;23.4
02.09.2006;22.7
03.09.2006;23.7
04.09.2006;24.9
05.09.2006;24.1
06.09.2006;23.8
07.09.2006;23.6
08.09.2006;24
09.09.2006;23.7
10.09.2006;23.4
11.09.2006;23
12.09.2006;22.2
13.09.2006;22.1
14.09.2006;19.4
15.09.2006;19.1
16.09.2006;18.8
17.09.2006;20.2
18.09.2006;21.1
19.09.2006;21.1
20.09.2006;20.7
21.09.2006;21.4
22.09.2006;23.4
23.09.2006;20.7
24.09.2006;20.5
25.09.2006;20.6
26.09.2006;19.6
27.09.2006;19.1
28.09.2006;19.7
29.09.2006;20.7
30.09.2006;21.4
01.10.2006;21.9
02.10.2006;20.9
03.10.2006;23
04.10.2006;18.6
05.10.2006;17.4
06.10.2006;18.1
07.10.2006;19.4
08.10.2006;20.3
09.10.2006;20.4
10.10.2006;20.2
11.10.2006;19.8
12.10.2006;15.8
13.10.2006;18
14.10.2006;17.9
15.10.2006;17.7
16.10.2006;18
17.10.2006;18.8
18.10.2006;19.8
19.10.2006;18.6
20.10.2006;18.7
21.10.2006;18
22.10.2006;18.3
23.10.2006;21
24.10.2006;19.9
25.10.2006;18.7
26.10.2006;21
27.10.2006;19.4
28.10.2006;18.4
29.10.2006;19
30.10.2006;19.3
31.10.2006;17.7
01.11.2006;18.1
02.11.2006;16.2
03.11.2006;12.9
04.11.2006;13.6
05.11.2006;14.3
06.11.2006;13
07.11.2006;14.2
08.11.2006;16.5
09.11.2006;15.8
10.11.2006;15.9
11.11.2006;16.3
12.11.2006;15.3
13.11.2006;13.4
14.11.2006;13.6
15.11.2006;14.3
16.11.2006;15.8
17.11.2006;14.7
18.11.2006;14.1
19.11.2006;14.2
20.11.2006;13.7
21.11.2006;14.4
22.11.2006;15.3
23.11.2006;16.3
24.11.2006;15.5
25.11.2006;17.1
26.11.2006;14.8
27.11.2006;13.8
28.11.2006;12
29.11.2006;13.1
30.11.2006;10.4
01.12.2006;10.9
02.12.2006;12.8
03.12.2006;13.6
04.12.2006;14.9
05.12.2006;14.7
06.12.2006;12.6
07.12.2006;10.2
08.12.2006;11.5
09.12.2006;10.4
10.12.2006;8.2
11.12.2006;6.9
12.12.2006;6.9
13.12.2006;8.8
14.12.2006;8.5
15.12.2006;10.7
16.12.2006;12.2
17.12.2006;9.9
18.12.2006;7.6
19.12.2006;6.4
20.12.2006;6.6
21.12.2006;6.1
22.12.2006;6
23.12.2006;10.6
24.12.2006;9.9
25.12.2006;8
26.12.2006;7.1
27.12.2006;7.1
28.12.2006;7.3
29.12.2006;7.1
30.12.2006;7.9
31.12.2006;9.3
01.01.2007;10.4
02.01.2007;9.2
03.01.2007;8.7
04.01.2007;9.4
05.01.2007;9.1
06.01.2007;8.6
07.01.2007;8.8
08.01.2007;10
09.01.2007;10.8
10.01.2007;10.4
11.01.2007;10.4
12.01.2007;9.5
13.01.2007;10.8
14.01.2007;10.6
15.01.2007;9.7
16.01.2007;10.9
17.01.2007;9.8
18.01.2007;10.8
19.01.2007;13.7
20.01.2007;12.4
21.01.2007;11.4
22.01.2007;11.6
23.01.2007;8.6
24.01.2007;6.7
25.01.2007;5
26.01.2007;4.8
27.01.2007;4.1
28.01.2007;5.4
29.01.2007;7.2
30.01.2007;7.9
31.01.2007;10.3
01.02.2007;9.6
02.02.2007;8
03.02.2007;8.1
04.02.2007;8.3
05.02.2007;10.6
06.02.2007;9.8
07.02.2007;10.3
08.02.2007;11.2
09.02.2007;10.6
10.02.2007;13.1
11.02.2007;12.6
12.02.2007;15.9
13.02.2007;12.5
14.02.2007;13
15.02.2007;13.4
16.02.2007;9.9
17.02.2007;11.4
18.02.2007;10.6
19.02.2007;10.8
20.02.2007;10.4
21.02.2007;11.3
22.02.2007;11.2
23.02.2007;11.1
24.02.2007;13.6
25.02.2007;13.8
26.02.2007;11.6
27.02.2007;10.8
28.02.2007;13.2
01.03.2007;13.8
02.03.2007;15.8
03.03.2007;17.3
04.03.2007;14.3
05.03.2007;14
06.03.2007;12.7
07.03.2007;11.2
08.03.2007;11.4
09.03.2007;11.1
10.03.2007;14.1
11.03.2007;11.1
12.03.2007;11.4
13.03.2007;11.3
14.03.2007;12.4
15.03.2007;12.8
16.03.2007;12.1
17.03.2007;13
18.03.2007;12.4
19.03.2007;13.1
20.03.2007;8.5
21.03.2007;8.9
22.03.2007;9.1
23.03.2007;9.1
24.03.2007;10.4
25.03.2007;9.8
26.03.2007;10.6
27.03.2007;11.8
28.03.2007;11.1
29.03.2007;13.1
30.03.2007;11.7
31.03.2007;11.3
01.04.2007;12.7
02.04.2007;13.4
03.04.2007;10.6
04.04.2007;10.7
05.04.2007;9.5
06.04.2007;12.2
07.04.2007;11.5
08.04.2007;12
09.04.2007;12.6
10.04.2007;13.2
11.04.2007;13.9
12.04.2007;14.3
13.04.2007;13.8
14.04.2007;15.7
15.04.2007;15.4
16.04.2007;16.2
17.04.2007;17.4
18.04.2007;17.3
19.04.2007;17.4
20.04.2007;14.4
21.04.2007;14.8
22.04.2007;15.3
23.04.2007;16.8
24.04.2007;17.3
25.04.2007;17.3
26.04.2007;17.1
27.04.2007;18.7
28.04.2007;18.7
29.04.2007;16.9
30.04.2007;16.9
01.05.2007;16.3
02.05.2007;15.3
03.05.2007;14.7
04.05.2007;15.2
05.05.2007;16.9
06.05.2007;18.2
07.05.2007;18.7
08.05.2007;18.9
09.05.2007;18.6
10.05.2007;19.6
11.05.2007;20.1
12.05.2007;20.1
13.05.2007;19.4
14.05.2007;19.9
15.05.2007;17.2
16.05.2007;18.3
17.05.2007;18.6
18.05.2007;21.1
19.05.2007;20.7
20.05.2007;20.6
21.05.2007;21.5
22.05.2007;22.3
23.05.2007;23
24.05.2007;22.4
25.05.2007;20.4
26.05.2007;19.9
27.05.2007;18.6
28.05.2007;18
29.05.2007;16.6
30.05.2007;18
31.05.2007;19.5
01.06.2007;18.2
02.06.2007;18.2
03.06.2007;18.4
04.06.2007;20.2
05.06.2007;20.5
06.06.2007;19.8
07.06.2007;20.7
08.06.2007;20.7
09.06.2007;21.4
10.06.2007;21.4
11.06.2007;21.4
12.06.2007;21.6
13.06.2007;21.7
14.06.2007;22.3
15.06.2007;23.9
16.06.2007;21.5
17.06.2007;21.9
18.06.2007;23.8
19.06.2007;23
20.06.2007;22.6
21.06.2007;22.4
22.06.2007;21.9
23.06.2007;20.7
24.06.2007;22.1
25.06.2007;22.8
26.06.2007;21.2
27.06.2007;20.3
28.06.2007;21.7
29.06.2007;22.4
30.06.2007;22.2
01.07.2007;22.9
02.07.2007;22.1
03.07.2007;22.3
04.07.2007;22.2
05.07.2007;20.8
06.07.2007;21.5
07.07.2007;23.1
08.07.2007;24.4
09.07.2007;23.7
10.07.2007;21.4
11.07.2007;21.4
12.07.2007;22.2
13.07.2007;22.7
14.07.2007;22.9
15.07.2007;23.3
16.07.2007;24
17.07.2007;23.9
18.07.2007;23.5
19.07.2007;23.8
20.07.2007;23.8
21.07.2007;22.9
22.07.2007;22.8
23.07.2007;24.2
24.07.2007;23.3
25.07.2007;24.1
26.07.2007;24.1
27.07.2007;24.7
28.07.2007;24.8
29.07.2007;24.8
30.07.2007;24.7
31.07.2007;25.5
01.08.2007;25.5
02.08.2007;24.8
03.08.2007;24.6
04.08.2007;24.3
05.08.2007;24.8
06.08.2007;25.6
07.08.2007;23
08.08.2007;20
09.08.2007;21.9
10.08.2007;22.7
11.08.2007;23.1
12.08.2007;23.9
13.08.2007;22.1
14.08.2007;23.5
15.08.2007;25.1
16.08.2007;23.6
17.08.2007;22.8
18.08.2007;23.4
19.08.2007;21.2
20.08.2007;20.7
21.08.2007;21.2
22.08.2007;18.2
23.08.2007;20.7
24.08.2007;21.2
25.08.2007;24.4
26.08.2007;25.8
27.08.2007;25.2
28.08.2007;27.1
29.08.2007;25.8
30.08.2007;24.1
31.08.2007;21.7
01.09.2007;21.2
02.09.2007;21.6
03.09.2007;22.3
04.09.2007;22.2
05.09.2007;21.1
06.09.2007;20.9
07.09.2007;22.1
08.09.2007;22.7
09.09.2007;22.4
10.09.2007;22
11.09.2007;22.5
12.09.2007;22.5
13.09.2007;22.3
14.09.2007;22.8
15.09.2007;22.4
16.09.2007;22.8
17.09.2007;22.7
18.09.2007;21.9
19.09.2007;20.9
20.09.2007;20.7
21.09.2007;21.6
22.09.2007;21.9
23.09.2007;21.6
24.09.2007;20.5
25.09.2007;20
26.09.2007;19.3
27.09.2007;17.6
28.09.2007;16.1
29.09.2007;18.5
30.09.2007;20.8
01.10.2007;21.2
02.10.2007;21.4
03.10.2007;21.6
04.10.2007;20.7
05.10.2007;20.1
06.10.2007;19.7
07.10.2007;20.3
08.10.2007;19.7
09.10.2007;18.8
10.10.2007;17.6
11.10.2007;17
12.10.2007;17.5
13.10.2007;17.1
14.10.2007;16.9
15.10.2007;17.1
16.10.2007;17.9
17.10.2007;18.7
18.10.2007;18.6
19.10.2007;16.9
20.10.2007;16.4
21.10.2007;14.6
22.10.2007;14.8
23.10.2007;16.8
24.10.2007;15.4
25.10.2007;13.9
26.10.2007;13.9
27.10.2007;14.3
28.10.2007;14.7
29.10.2007;15.2
30.10.2007;14.8
31.10.2007;13.8
01.11.2007;14.9
02.11.2007;13.2
03.11.2007;13.1
04.11.2007;13.4
05.11.2007;14.3
06.11.2007;13.7
07.11.2007;12.7
08.11.2007;12.2
09.11.2007;12.7
10.11.2007;11.7
11.11.2007;11.2
12.11.2007;12
13.11.2007;12.6
14.11.2007;11.1
15.11.2007;9.9
16.11.2007;6.9
17.11.2007;5.6
18.11.2007;6.7
19.11.2007;9.3
20.11.2007;14.2
21.11.2007;15.8
22.11.2007;13.8
23.11.2007;11.8
24.11.2007;10.5
25.11.2007;8.4
26.11.2007;9.7
27.11.2007;9.7
28.11.2007;9.7
29.11.2007;8.8
30.11.2007;9.1
01.12.2007;9.8
02.12.2007;11.4
03.12.2007;12.7
04.12.2007;12.2
05.12.2007;12.2
06.12.2007;11.2
07.12.2007;11.3
08.12.2007;12.2
09.12.2007;16.3
10.12.2007;12.4
11.12.2007;9.4
12.12.2007;6.4
13.12.2007;5.9
14.12.2007;5.4
15.12.2007;5.9
16.12.2007;6.5
17.12.2007;4.6
18.12.2007;8.3
19.12.2007;7.9
20.12.2007;9.3
21.12.2007;11.8
22.12.2007;11.9
23.12.2007;11.8
24.12.2007;8.6
25.12.2007;7.6
26.12.2007;7.6
27.12.2007;6.8
28.12.2007;6.1
29.12.2007;5.8
30.12.2007;6.7
31.12.2007;6
01.01.2008;5.4
02.01.2008;5.5
03.01.2008;6.8
04.01.2008;8.7
05.01.2008;9.8
06.01.2008;13.1
07.01.2008;12
08.01.2008;11.7
09.01.2008;11.8
10.01.2008;12.6
11.01.2008;12.6
12.01.2008;9.9
13.01.2008;8.3
14.01.2008;7.8
15.01.2008;8.8
16.01.2008;11.7
17.01.2008;10.9
18.01.2008;12.6
19.01.2008;11.9
20.01.2008;10.4
21.01.2008;8.6
22.01.2008;9.2
23.01.2008;10.8
24.01.2008;9.9
25.01.2008;10.4
26.01.2008;8.8
27.01.2008;9.6
28.01.2008;10.7
29.01.2008;9.4
30.01.2008;8.7
31.01.2008;9.3
01.02.2008;8.1
02.02.2008;9.1
03.02.2008;9.4
04.02.2008;12.3
05.02.2008;9.4
06.02.2008;10.3
07.02.2008;10.4
08.02.2008;9.8
09.02.2008;8.8
10.02.2008;8.2
11.02.2008;8.9
12.02.2008;8.9
13.02.2008;9
14.02.2008;10
15.02.2008;9.9
16.02.2008;8.7
17.02.2008;10.6
18.02.2008;9.9
19.02.2008;11.3
20.02.2008;12.4
21.02.2008;11.8
22.02.2008;12.1
23.02.2008;10.9
24.02.2008;10.7
25.02.2008;12.5
26.02.2008;12.7
27.02.2008;11.7
28.02.2008;11.9
29.02.2008;13.7
01.03.2008;12.9
02.03.2008;13.6
03.03.2008;12.6
04.03.2008;11.4
05.03.2008;8
06.03.2008;7.9
07.03.2008;8.8
08.03.2008;10.2
09.03.2008;11.4
10.03.2008;10.8
11.03.2008;14.1
12.03.2008;14.3
13.03.2008;12.4
14.03.2008;11.3
15.03.2008;12.5
16.03.2008;12.9
17.03.2008;11.9
18.03.2008;11.1
19.03.2008;11.3
20.03.2008;9.4
21.03.2008;10.5
22.03.2008;11.8
23.03.2008;8.2
24.03.2008;11.3
25.03.2008;12.8
26.03.2008;11.5
27.03.2008;11
28.03.2008;11.7
29.03.2008;12.9
30.03.2008;13.3
31.03.2008;11.9
01.04.2008;12.9
02.04.2008;13.4
03.04.2008;14.1
04.04.2008;12.5
05.04.2008;12.8
06.04.2008;13.4
07.04.2008;11.3
08.04.2008;14.1
09.04.2008;15.4
10.04.2008;16.3
11.04.2008;13.1
12.04.2008;11.9
13.04.2008;12.8
14.04.2008;12.7
15.04.2008;12.5
16.04.2008;12.4
17.04.2008;13.6
18.04.2008;13.3
19.04.2008;14.4
20.04.2008;13.8
21.04.2008;14.5
22.04.2008;13.8
23.04.2008;13.9
24.04.2008;15
25.04.2008;15.6
26.04.2008;15.8
27.04.2008;15.2
28.04.2008;15.4
29.04.2008;14.6
30.04.2008;15.8
01.05.2008;14.1
02.05.2008;15.1
03.05.2008;16.8
04.05.2008;17.2
05.05.2008;17.7
06.05.2008;17.1
07.05.2008;17.3
08.05.2008;16.4
09.05.2008;14.1
10.05.2008;13.9
11.05.2008;15.6
12.05.2008;15.8
13.05.2008;15.9
14.05.2008;15.7
15.05.2008;17.1
16.05.2008;17.1
17.05.2008;16.2
18.05.2008;16.6
19.05.2008;15.5
20.05.2008;17.5
21.05.2008;17.7
22.05.2008;17.7
23.05.2008;17.3
24.05.2008;18.6
25.05.2008;17
26.05.2008;17.4
27.05.2008;16.9
28.05.2008;17.2
29.05.2008;17.8
30.05.2008;18.9
31.05.2008;18
01.06.2008;17.3
02.06.2008;18.2
03.06.2008;18.2
04.06.2008;18.3
05.06.2008;18.7
06.06.2008;18.3
07.06.2008;17.8
08.06.2008;17.8
09.06.2008;18.7
10.06.2008;18.1
11.06.2008;18.8
12.06.2008;20.4
13.06.2008;19.4
14.06.2008;18.8
15.06.2008;18.3
16.06.2008;19.9
17.06.2008;19.4
18.06.2008;20.2
19.06.2008;21.1
20.06.2008;21.9
21.06.2008;22.9
22.06.2008;24.1
23.06.2008;23.8
24.06.2008;23.9
25.06.2008;23.8
26.06.2008;24.4
27.06.2008;24.1
28.06.2008;23.9
29.06.2008;23.8
30.06.2008;24.8
01.07.2008;24.8
02.07.2008;24.3
03.07.2008;23.7
04.07.2008;22.3
05.07.2008;23.8
06.07.2008;23.9
07.07.2008;22.4
08.07.2008;21.8
09.07.2008;23.3
10.07.2008;23.7
11.07.2008;24.3
12.07.2008;22.9
13.07.2008;21.1
14.07.2008;21.4
15.07.2008;22.9
16.07.2008;23.2
17.07.2008;23.9
18.07.2008;24
19.07.2008;24.2
20.07.2008;24.7
21.07.2008;23.8
22.07.2008;23.1
23.07.2008;23.2
24.07.2008;23.9
25.07.2008;24.2
26.07.2008;25.5
27.07.2008;24.9
28.07.2008;25.1
29.07.2008;25
30.07.2008;25
31.07.2008;25.5
01.08.2008;25.3
02.08.2008;24.9
03.08.2008;25.6
04.08.2008;26.1
05.08.2008;26.3
06.08.2008;26.7
07.08.2008;25.2
08.08.2008;24.7
09.08.2008;24.3
10.08.2008;25.3
11.08.2008;26.2
12.08.2008;27
13.08.2008;24
14.08.2008;23.3
15.08.2008;23.6
16.08.2008;22.9
17.08.2008;23.2
18.08.2008;24.1
19.08.2008;24.3
20.08.2008;23.4
21.08.2008;23.7
22.08.2008;24.1
23.08.2008;21.6
24.08.2008;23.8
25.08.2008;23.3
26.08.2008;23.6
27.08.2008;23.5
28.08.2008;24
29.08.2008;24.2
30.08.2008;23.7
31.08.2008;24.1
01.09.2008;24.5
02.09.2008;24.3
03.09.2008;25.2
04.09.2008;24.9
05.09.2008;24.3
06.09.2008;24.3
07.09.2008;21.5
08.09.2008;21.9
09.09.2008;23.4
10.09.2008;24.5
11.09.2008;24.1
12.09.2008;21.2
13.09.2008;19.8
14.09.2008;20.5
15.09.2008;20.7
16.09.2008;20.9
17.09.2008;21.6
18.09.2008;22.2
19.09.2008;22.3
20.09.2008;21.1
21.09.2008;20.7
22.09.2008;19.1
23.09.2008;17.3
24.09.2008;18.4
25.09.2008;19.1
26.09.2008;17.1
27.09.2008;18.1
28.09.2008;17.6
29.09.2008;18.4
30.09.2008;18.4
01.10.2008;18.1
02.10.2008;18.5
03.10.2008;17.4
04.10.2008;14.7
05.10.2008;16.3
06.10.2008;17.9
07.10.2008;19.3
08.10.2008;18
09.10.2008;17.1
10.10.2008;20.1
11.10.2008;18.4
12.10.2008;20.8
13.10.2008;21.2
14.10.2008;20
15.10.2008;20.1
16.10.2008;19.7
17.10.2008;20
18.10.2008;17.6
19.10.2008;18.6
20.10.2008;19.7
21.10.2008;19.2
22.10.2008;16.7
23.10.2008;13.9
24.10.2008;16.6
25.10.2008;18.2
26.10.2008;17
27.10.2008;16.8
28.10.2008;14.2
29.10.2008;8.2
30.10.2008;11.1
31.10.2008;13.6
01.11.2008;17.6
02.11.2008;15.6
03.11.2008;11.5
04.11.2008;12.2
05.11.2008;12.1
06.11.2008;12.7
07.11.2008;12.4
08.11.2008;12.4
09.11.2008;12.9
10.11.2008;13.8
11.11.2008;14.5
12.11.2008;12.8
13.11.2008;11.8
14.11.2008;10.6
15.11.2008;10.9
16.11.2008;10.6
17.11.2008;10.8
18.11.2008;9.9
19.11.2008;10.8
20.11.2008;10.1
21.11.2008;10.8
22.11.2008;14.7
23.11.2008;12.8
24.11.2008;12.7
25.11.2008;9.2
26.11.2008;6.5
27.11.2008;5.4
28.11.2008;6.3
29.11.2008;8.1
30.11.2008;9.2
01.12.2008;9.4
02.12.2008;7.4
03.12.2008;8.1
04.12.2008;8.4
05.12.2008;13.8
06.12.2008;10.3
07.12.2008;11.8
08.12.2008;12
09.12.2008;11.3
10.12.2008;8.3
11.12.2008;6.2
12.12.2008;7.1
13.12.2008;8.7
14.12.2008;7.6
15.12.2008;6.2
16.12.2008;7.6
17.12.2008;8.7
18.12.2008;8.6
19.12.2008;9.3
20.12.2008;9.1
21.12.2008;8.4
22.12.2008;8
23.12.2008;7.1
24.12.2008;7.9
25.12.2008;8.4
26.12.2008;7.1
27.12.2008;11.4
28.12.2008;10.2
29.12.2008;8.1
30.12.2008;10.3
31.12.2008;10.7
01.01.2009;10.1
02.01.2009;10
03.01.2009;9.3
04.01.2009;7.8
05.01.2009;6.1
06.01.2009;4.5
07.01.2009;3.1
08.01.2009;2.6
09.01.2009;7.3
10.01.2009;8.1
11.01.2009;7.8
12.01.2009;7.3
13.01.2009;6.1
14.01.2009;7.3
15.01.2009;6.9
16.01.2009;7.7
17.01.2009;8.1
18.01.2009;8.4
19.01.2009;10.6
20.01.2009;9.7
21.01.2009;6.9
22.01.2009;8.3
23.01.2009;14.6
24.01.2009;13.3
25.01.2009;10.9
26.01.2009;9.1
27.01.2009;9.8
28.01.2009;9.7
29.01.2009;10.4
30.01.2009;12.1
31.01.2009;11.7
01.02.2009;10.3
02.02.2009;9.5
03.02.2009;9.7
04.02.2009;9.9
05.02.2009;10
06.02.2009;9.4
07.02.2009;8.3
08.02.2009;8.8
09.02.2009;10.6
10.02.2009;13.8
11.02.2009;9.3
12.02.2009;8.7
13.02.2009;8.7
14.02.2009;8.4
15.02.2009;8.1
16.02.2009;8.7
17.02.2009;9.3
18.02.2009;10.2
19.02.2009;9.6
20.02.2009;8.3
21.02.2009;6.1
22.02.2009;7.7
23.02.2009;8.8
24.02.2009;9.1
25.02.2009;10.2
26.02.2009;9.9
27.02.2009;11.1
28.02.2009;10.3
01.03.2009;11.3
02.03.2009;10.2
03.03.2009;11.3
04.03.2009;9.9
05.03.2009;8.1
06.03.2009;11.2
07.03.2009;10.5
08.03.2009;11.4
09.03.2009;12
10.03.2009;12.9
11.03.2009;11.6
12.03.2009;11.8
13.03.2009;12.5
14.03.2009;13.8
15.03.2009;13.8
16.03.2009;13.8
17.03.2009;12.6
18.03.2009;12.2
19.03.2009;12.2
20.03.2009;12.5
21.03.2009;10.9
22.03.2009;11.2
23.03.2009;12.8
24.03.2009;12.8
25.03.2009;12.2
26.03.2009;12.2
27.03.2009;12.4
28.03.2009;11.9
29.03.2009;11.2
30.03.2009;11.6
31.03.2009;9.9
01.04.2009;11.4
02.04.2009;10.9
03.04.2009;11.8
04.04.2009;12.4
05.04.2009;13.2
06.04.2009;13.3
07.04.2009;12.7
08.04.2009;12.8
09.04.2009;13.2
10.04.2009;13.4
11.04.2009;12.5
12.04.2009;11.2
13.04.2009;14.5
14.04.2009;13.7
15.04.2009;14.6
16.04.2009;14.1
17.04.2009;13.1
18.04.2009;12.8
19.04.2009;13.6
20.04.2009;14.2
21.04.2009;15.6
22.04.2009;17.9
23.04.2009;17.7
24.04.2009;16.2
25.04.2009;15.8
26.04.2009;14.4
27.04.2009;14.4
28.04.2009;16.1
29.04.2009;14.9
30.04.2009;15.1
01.05.2009;15.3
02.05.2009;16.2
03.05.2009;17.2
04.05.2009;17.7
05.05.2009;16.5
06.05.2009;17.4
07.05.2009;17.8
08.05.2009;17.9
09.05.2009;17.4
10.05.2009;18.1
11.05.2009;17.7
12.05.2009;18.6
13.05.2009;18.2
14.05.2009;16.6
15.05.2009;16.1
16.05.2009;16.5
17.05.2009;17.6
18.05.2009;17.4
19.05.2009;17.9
20.05.2009;19.9
21.05.2009;20.9
22.05.2009;20.3
23.05.2009;20.8
24.05.2009;20.4
25.05.2009;19.2
26.05.2009;19.9
27.05.2009;19.3
28.05.2009;20.1
29.05.2009;19.9
30.05.2009;20.1
31.05.2009;19.5
01.06.2009;20
02.06.2009;20.7
03.06.2009;20.6
04.06.2009;20.9
05.06.2009;20.3
06.06.2009;20.3
07.06.2009;19.6
08.06.2009;19.8
09.06.2009;20.8
10.06.2009;21.1
11.06.2009;21.7
12.06.2009;21.6
13.06.2009;22.6
14.06.2009;24.1
15.06.2009;23.6
16.06.2009;24
17.06.2009;24
18.06.2009;23.9
19.06.2009;24.5
20.06.2009;22.2
21.06.2009;21.4
22.06.2009;21
23.06.2009;21.5
24.06.2009;22.3
25.06.2009;22.7
26.06.2009;23.3
27.06.2009;23.3
28.06.2009;23.3
29.06.2009;24.3
30.06.2009;25.5
01.07.2009;26.6
02.07.2009;25.7
03.07.2009;25.5
04.07.2009;25.9
05.07.2009;26.1
06.07.2009;25.3
07.07.2009;24.2
08.07.2009;23.3
09.07.2009;20.7
10.07.2009;22.2
11.07.2009;22.7
12.07.2009;24.4
13.07.2009;24.7
14.07.2009;25.3
15.07.2009;24.9
16.07.2009;24.1
17.07.2009;24.6
18.07.2009;22.1
19.07.2009;22.4
20.07.2009;23.7
21.07.2009;24.2
22.07.2009;25.7
23.07.2009;27.9
24.07.2009;26.8
25.07.2009;24.7
26.07.2009;24.7
27.07.2009;24.9
28.07.2009;24.7
29.07.2009;24.9
30.07.2009;25.9
31.07.2009;25.8
01.08.2009;25.6
02.08.2009;24.5
03.08.2009;23.9
04.08.2009;24.5
05.08.2009;25.7
06.08.2009;25.7
07.08.2009;25.8
08.08.2009;25.6
09.08.2009;24.8
10.08.2009;23.8
11.08.2009;25
12.08.2009;25.4
13.08.2009;26.2
14.08.2009;27.1
15.08.2009;26.5
16.08.2009;25.4
17.08.2009;26.5
18.08.2009;25.8
19.08.2009;26.7
20.08.2009;26.8
21.08.2009;25.8
22.08.2009;25.8
23.08.2009;25.9
24.08.2009;26.4
25.08.2009;26.2
26.08.2009;25.7
27.08.2009;25.5
28.08.2009;26.3
29.08.2009;25.5
30.08.2009;24.6
31.08.2009;24.4
01.09.2009;25.4
02.09.2009;25.6
03.09.2009;25.1
04.09.2009;25.2
05.09.2009;22.3
06.09.2009;22.1
07.09.2009;22.2
08.09.2009;22.4
09.09.2009;22.7
10.09.2009;22.9
11.09.2009;23.4
12.09.2009;22.7
13.09.2009;21.9
14.09.2009;21.3
15.09.2009;17.4
16.09.2009;18.7
17.09.2009;20.6
18.09.2009;20
19.09.2009;19.1
20.09.2009;19.2
21.09.2009;20.1
22.09.2009;22.7
23.09.2009;22.8
24.09.2009;21.8
25.09.2009;21.4
26.09.2009;21.3
27.09.2009;21.4
28.09.2009;21
29.09.2009;21.4
30.09.2009;20.6
01.10.2009;20.5
02.10.2009;20.2
03.10.2009;19.8
04.10.2009;19.4
05.10.2009;21.1
06.10.2009;21.2
07.10.2009;21.9
08.10.2009;23.2
09.10.2009;21.3
10.10.2009;21
11.10.2009;20.3
12.10.2009;19.9
13.10.2009;19.6
14.10.2009;18.7
15.10.2009;16.6
16.10.2009;15.2
17.10.2009;14.2
18.10.2009;14.4
19.10.2009;14.3
20.10.2009;18.9
21.10.2009;18.1
22.10.2009;13.8
23.10.2009;16.2
24.10.2009;17.6
25.10.2009;19.3
26.10.2009;19
27.10.2009;17.9
28.10.2009;18.6
29.10.2009;18.6
30.10.2009;17.7
31.10.2009;17
01.11.2009;18.4
02.11.2009;18.8
03.11.2009;17.7
04.11.2009;16.9
05.11.2009;14.6
06.11.2009;11.7
07.11.2009;13.8
08.11.2009;12.3
09.11.2009;12.3
10.11.2009;11.1
11.11.2009;12.6
12.11.2009;14.6
13.11.2009;14.6
14.11.2009;15.4
15.11.2009;15.7
16.11.2009;16.4
17.11.2009;15.1
18.11.2009;15.5
19.11.2009;14.8
20.11.2009;14.9
21.11.2009;14.9
22.11.2009;16.5
23.11.2009;13.6
24.11.2009;12.3
25.11.2009;12.7
26.11.2009;14.4
27.11.2009;14
28.11.2009;11.7
29.11.2009;12.2
30.11.2009;10.2
01.12.2009;10.5
02.12.2009;11.3
03.12.2009;12.4
04.12.2009;12.9
05.12.2009;11.3
06.12.2009;12.6
07.12.2009;14.1
08.12.2009;14.4
09.12.2009;11.5
10.12.2009;12.4
11.12.2009;11.4
12.12.2009;10.1
13.12.2009;8
14.12.2009;7.9
15.12.2009;5.7
16.12.2009;4.6
17.12.2009;5.2
18.12.2009;4.7
19.12.2009;3.8
20.12.2009;3.1
21.12.2009;4.1
22.12.2009;9
23.12.2009;12.2
24.12.2009;12.4
25.12.2009;13.5
26.12.2009;10.4
27.12.2009;9.8
28.12.2009;11.2
29.12.2009;14.3
30.12.2009;15.9
31.12.2009;13.7
01.01.2010;11.6
02.01.2010;9.8
03.01.2010;10.4
04.01.2010;10.1
05.01.2010;10.4
06.01.2010;8.1
07.01.2010;5.8
08.01.2010;6.1
09.01.2010;4.4
10.01.2010;3.1
11.01.2010;4.6
12.01.2010;5.1
13.01.2010;9.4
14.01.2010;10.6
15.01.2010;10.8
16.01.2010;9.5
17.01.2010;11.1
18.01.2010;11.2
19.01.2010;10.4
20.01.2010;11.7
21.01.2010;9.6
22.01.2010;9.2
23.01.2010;9.5
24.01.2010;11.1
25.01.2010;9.1
26.01.2010;7.6
27.01.2010;6.6
28.01.2010;5.6
29.01.2010;7.3
30.01.2010;10.1
31.01.2010;7.6
01.02.2010;6.7
02.02.2010;6.9
03.02.2010;7.6
04.02.2010;8
05.02.2010;12.9
06.02.2010;13.1
07.02.2010;10.6
08.02.2010;9.1
09.02.2010;8.8
10.02.2010;7.3
11.02.2010;4.3
12.02.2010;4.2
13.02.2010;4.6
14.02.2010;4.3
15.02.2010;4.4
16.02.2010;9.7
17.02.2010;11.1
18.02.2010;11.2
19.02.2010;11.2
20.02.2010;9.4
21.02.2010;7.4
22.02.2010;10.4
23.02.2010;14.4
24.02.2010;15.1
25.02.2010;13.9
26.02.2010;14.8
27.02.2010;11.2
28.02.2010;14.6
01.03.2010;12.7
02.03.2010;11.9
03.03.2010;10.9
04.03.2010;11.6
05.03.2010;10.4
06.03.2010;9.5
07.03.2010;7.6
08.03.2010;4
09.03.2010;5.8
10.03.2010;4.6
11.03.2010;4.9
12.03.2010;5.2
13.03.2010;7.3
14.03.2010;8.3
15.03.2010;9.4
16.03.2010;9.7
17.03.2010;10.2
18.03.2010;10
19.03.2010;11.7
20.03.2010;13.1
21.03.2010;14.1
22.03.2010;13.7
23.03.2010;13.7
24.03.2010;13.3
25.03.2010;13.8
26.03.2010;15.4
27.03.2010;16.1
28.03.2010;13.4
29.03.2010;12.6
30.03.2010;15.4
31.03.2010;12.9
01.04.2010;12.6
02.04.2010;12.3
03.04.2010;12.9
04.04.2010;12.5
05.04.2010;11.7
06.04.2010;13
07.04.2010;13.7
08.04.2010;12.4
09.04.2010;14.6
10.04.2010;14.6
11.04.2010;14.8
12.04.2010;12.6
13.04.2010;11.8
14.04.2010;12.1
15.04.2010;12.6
16.04.2010;13.6
17.04.2010;13.1
18.04.2010;14.1
19.04.2010;14.7
20.04.2010;14.6
21.04.2010;14.9
22.04.2010;15
23.04.2010;16.2
24.04.2010;16.2
25.04.2010;17.1
26.04.2010;17.7
27.04.2010;18.7
28.04.2010;18.3
29.04.2010;17
30.04.2010;17.3
01.05.2010;17.7
02.05.2010;17.6
03.05.2010;11.7
04.05.2010;10.4
05.05.2010;13.1
06.05.2010;13.2
07.05.2010;14.5
08.05.2010;16.1
09.05.2010;16.3
10.05.2010;17.2
11.05.2010;17.7
12.05.2010;16.5
13.05.2010;15.4
14.05.2010;12.4
15.05.2010;14.8
16.05.2010;14.8
17.05.2010;15.2
18.05.2010;16.3
19.05.2010;17
20.05.2010;17.2
21.05.2010;18.4
22.05.2010;19.8
23.05.2010;17.6
24.05.2010;18.7
25.05.2010;19
26.05.2010;19
27.05.2010;19.4
28.05.2010;19.3
29.05.2010;20.1
30.05.2010;20.2
31.05.2010;21.5
01.06.2010;20.6
02.06.2010;20.6
03.06.2010;20.3
04.06.2010;21.1
05.06.2010;21.5
06.06.2010;20.5
07.06.2010;20.7
08.06.2010;21.5
09.06.2010;20.8
10.06.2010;21.1
11.06.2010;19.9
12.06.2010;19.6
13.06.2010;20.1
14.06.2010;19.7
15.06.2010;18.1
16.06.2010;19
17.06.2010;18.7
18.06.2010;20.1
19.06.2010;20.1
20.06.2010;19.9
21.06.2010;18.9
22.06.2010;19.1
23.06.2010;19.9
24.06.2010;20.9
25.06.2010;21.5
26.06.2010;22.4
27.06.2010;23.7
28.06.2010;24.2
29.06.2010;24.2
30.06.2010;24.3
01.07.2010;24
02.07.2010;24.1
03.07.2010;24.2
04.07.2010;25.3
05.07.2010;25.2
06.07.2010;25.2
07.07.2010;24.9
08.07.2010;25.5
09.07.2010;25.6
10.07.2010;25.4
11.07.2010;26.3
12.07.2010;26.5
13.07.2010;26
14.07.2010;26.2
15.07.2010;25.9
16.07.2010;25.5
17.07.2010;26.6
18.07.2010;26.1
19.07.2010;26
20.07.2010;26.3
21.07.2010;26.6
22.07.2010;25.3
23.07.2010;25.1
24.07.2010;24
25.07.2010;24.6
26.07.2010;24.4
27.07.2010;25.3
28.07.2010;25.6
29.07.2010;25.1
30.07.2010;24.9
31.07.2010;25.7
01.08.2010;25.6
02.08.2010;25
03.08.2010;23.6
04.08.2010;23.8
05.08.2010;24
06.08.2010;24
07.08.2010;24.9
08.08.2010;24.8
09.08.2010;26.1
10.08.2010;25.2
11.08.2010;25.2
12.08.2010;23.9
13.08.2010;21.6
14.08.2010;21.2
15.08.2010;22.3
16.08.2010;22.3
17.08.2010;24.2
18.08.2010;25
19.08.2010;23.7
20.08.2010;24.2
21.08.2010;26.3
22.08.2010;26.3
23.08.2010;25.7
24.08.2010;25.7
25.08.2010;25.7
26.08.2010;25.7
27.08.2010;26.7
28.08.2010;25.6
29.08.2010;24.6
30.08.2010;23.6
31.08.2010;23.2
01.09.2010;23.4
02.09.2010;23.7
03.09.2010;24.1
04.09.2010;24.4
05.09.2010;24.7
06.09.2010;24.7
07.09.2010;25.1
08.09.2010;22.9
09.09.2010;22.1
10.09.2010;22.2
11.09.2010;22.6
12.09.2010;23.2
13.09.2010;23.2
14.09.2010;23.3
15.09.2010;22.9
16.09.2010;23.8
17.09.2010;20.9
18.09.2010;19.3
19.09.2010;20.1
20.09.2010;19.7
21.09.2010;20.3
22.09.2010;20.9
23.09.2010;22.2
24.09.2010;22.2
25.09.2010;19.9
26.09.2010;18.3
27.09.2010;17.4
28.09.2010;17.7
29.09.2010;18.1
30.09.2010;19.1
01.10.2010;20.6
02.10.2010;21.3
03.10.2010;21.6
04.10.2010;22.4
05.10.2010;19.8
06.10.2010;19.3
07.10.2010;21.8
08.10.2010;22.6
09.10.2010;22.5
10.10.2010;18.6
11.10.2010;18.2
12.10.2010;18.2
13.10.2010;18.2
14.10.2010;17.1
15.10.2010;15.1
16.10.2010;14.2
17.10.2010;14.5
18.10.2010;13.4
19.10.2010;12.5
20.10.2010;13.4
21.10.2010;14.7
22.10.2010;15.4
23.10.2010;16.5
24.10.2010;16.7
25.10.2010;14.2
26.10.2010;12.6
27.10.2010;12.9
28.10.2010;13.6
29.10.2010;15.5
30.10.2010;17.3
31.10.2010;17.6
01.11.2010;14
02.11.2010;15.9
03.11.2010;15.6
04.11.2010;15.9
05.11.2010;15.7
06.11.2010;15.3
07.11.2010;14.6
08.11.2010;11.9
09.11.2010;14.7
10.11.2010;14.6
11.11.2010;12.7
12.11.2010;14.6
13.11.2010;14.8
14.11.2010;14.3
15.11.2010;14.1
16.11.2010;13.6
17.11.2010;10.4
18.11.2010;11.1
19.11.2010;8.9
20.11.2010;8.9
21.11.2010;10.1
22.11.2010;10.7
23.11.2010;9.9
24.11.2010;8.4
25.11.2010;8.1
26.11.2010;7.9
27.11.2010;7.4
28.11.2010;8.7
29.11.2010;6.1
30.11.2010;8.6
01.12.2010;9.7
02.12.2010;7.1
03.12.2010;6.7
04.12.2010;5.6
05.12.2010;8.8
06.12.2010;14.1
07.12.2010;14.8
08.12.2010;16.3
09.12.2010;14.1
10.12.2010;11.9
11.12.2010;9.3
12.12.2010;9.6
13.12.2010;9.8
14.12.2010;10.4
15.12.2010;6.1
16.12.2010;5.3
17.12.2010;6.7
18.12.2010;6.2
19.12.2010;8.1
20.12.2010;8.8
21.12.2010;7.1
22.12.2010;10.7
23.12.2010;13.1
24.12.2010;9.4
25.12.2010;6.9
26.12.2010;4.7
27.12.2010;5.2
28.12.2010;6.8
29.12.2010;8.8
30.12.2010;11.3
31.12.2010;11.1
01.01.2011;10.6
02.01.2011;10.3
03.01.2011;7.4
04.01.2011;6.1
05.01.2011;9.5
06.01.2011;10.9
07.01.2011;11.7
08.01.2011;12.2
09.01.2011;12.2
10.01.2011;11.7
11.01.2011;10.9
12.01.2011;10.1
13.01.2011;11.1
14.01.2011;10.5
15.01.2011;10.6
16.01.2011;9.1
17.01.2011;10.1
18.01.2011;9.7
19.01.2011;10.5
20.01.2011;9.9
21.01.2011;6.2
22.01.2011;3.5
23.01.2011;3.2
24.01.2011;3.4
25.01.2011;4.1
26.01.2011;4.7
27.01.2011;7.7
28.01.2011;9.6
29.01.2011;8.7
30.01.2011;7.7
31.01.2011;8.4
01.02.2011;8.3
02.02.2011;8.8
03.02.2011;9.2
04.02.2011;9.7
05.02.2011;9.7
06.02.2011;10.9
07.02.2011;9.1
08.02.2011;8.4
09.02.2011;8.6
10.02.2011;9.2
11.02.2011;10.7
12.02.2011;9.9
13.02.2011;9.7
14.02.2011;9.6
15.02.2011;9
16.02.2011;10.4
17.02.2011;8.3
18.02.2011;10.4
19.02.2011;10.4
20.02.2011;11.5
21.02.2011;11.5
22.02.2011;13.6
23.02.2011;11.7
24.02.2011;11.9
25.02.2011;12.3
26.02.2011;12.6
27.02.2011;12.6
28.02.2011;8.9
01.03.2011;9
02.03.2011;10.1
03.03.2011;7.8
04.03.2011;10.2
05.03.2011;10.3
06.03.2011;10.3
07.03.2011;10.6
08.03.2011;12.2
09.03.2011;10.6
10.03.2011;10.5
11.03.2011;10.4
12.03.2011;12.4
13.03.2011;12.9
14.03.2011;13.1
15.03.2011;12.9
16.03.2011;12.4
17.03.2011;13.5
18.03.2011;13.4
19.03.2011;13.2
20.03.2011;12.3
21.03.2011;11.9
22.03.2011;12.2
23.03.2011;12.4
24.03.2011;12.6
25.03.2011;12.4
26.03.2011;12.9
27.03.2011;14.4
28.03.2011;14.1
29.03.2011;13.8
30.03.2011;13.3
31.03.2011;14.7
01.04.2011;15.8
02.04.2011;16.3
03.04.2011;16.3
04.04.2011;15.7
05.04.2011;16.3
06.04.2011;15.4
07.04.2011;14.7
08.04.2011;16.9
09.04.2011;18.8
10.04.2011;19.1
11.04.2011;17.8
12.04.2011;17.2
13.04.2011;16.2
14.04.2011;15.2
15.04.2011;14.8
16.04.2011;14.7
17.04.2011;15
18.04.2011;14.6
19.04.2011;13.9
20.04.2011;15.2
21.04.2011;16.4
22.04.2011;15.5
23.04.2011;15.9
24.04.2011;16.9
25.04.2011;16.7
26.04.2011;18.1
27.04.2011;17.6
28.04.2011;16.7
29.04.2011;15.4
30.04.2011;16.1
01.05.2011;16.1
02.05.2011;15.7
03.05.2011;16.6
04.05.2011;17.1
05.05.2011;17.9
06.05.2011;18.4
07.05.2011;17.7
08.05.2011;18.1
09.05.2011;17.6
10.05.2011;18.2
11.05.2011;17.4
12.05.2011;19
13.05.2011;20.3
14.05.2011;19.5
15.05.2011;17.6
16.05.2011;17.3
17.05.2011;18.2
18.05.2011;18.4
19.05.2011;18.7
20.05.2011;18.4
21.05.2011;19.3
22.05.2011;20.8
23.05.2011;21.6
24.05.2011;23.3
25.05.2011;21.8
26.05.2011;21.9
27.05.2011;20.8
28.05.2011;19.6
29.05.2011;20.3
30.05.2011;21
31.05.2011;18.9
01.06.2011;17.9
02.06.2011;16.6
03.06.2011;17.3
04.06.2011;18.1
05.06.2011;17.8
06.06.2011;19.2
07.06.2011;19.6
08.06.2011;17.2
09.06.2011;19.4
10.06.2011;18.6
11.06.2011;19.3
12.06.2011;21.2
13.06.2011;21.4
14.06.2011;22.7
15.06.2011;22.6
16.06.2011;22.2
17.06.2011;22.5
18.06.2011;21.9
19.06.2011;21.1
20.06.2011;22.3
21.06.2011;22.4
22.06.2011;23.2
23.06.2011;22.4
24.06.2011;22.2
25.06.2011;23.2
26.06.2011;24.3
27.06.2011;23.5
28.06.2011;24.1
29.06.2011;25.1
30.06.2011;22.9
01.07.2011;23.3
02.07.2011;24.4
03.07.2011;23.9
04.07.2011;23.8
05.07.2011;23.7
06.07.2011;24.1
07.07.2011;24.6
08.07.2011;24
09.07.2011;23.8
10.07.2011;24.1
11.07.2011;24.2
12.07.2011;23.6
13.07.2011;23.4
14.07.2011;20.9
15.07.2011;22.7
16.07.2011;24.1
17.07.2011;23.3
18.07.2011;21.6
19.07.2011;23.8
20.07.2011;20.7
21.07.2011;22.4
22.07.2011;21.7
23.07.2011;21.8
24.07.2011;21.2
25.07.2011;22.5
26.07.2011;23.3
27.07.2011;22.6
28.07.2011;23.6
29.07.2011;23.4
30.07.2011;22.3
31.07.2011;23.2
01.08.2011;24.1
02.08.2011;24.4
03.08.2011;24.3
04.08.2011;24.7
05.08.2011;24.7
06.08.2011;25.4
07.08.2011;24.2
08.08.2011;23.3
09.08.2011;22.3
10.08.2011;22.6
11.08.2011;23.3
12.08.2011;23.6
13.08.2011;24.3
14.08.2011;25.1
15.08.2011;25.3
16.08.2011;25.6
17.08.2011;25.7
18.08.2011;25.4
19.08.2011;25.3
20.08.2011;25.7
21.08.2011;26.3
22.08.2011;26.6
23.08.2011;25.3
24.08.2011;26.4
25.08.2011;26.6
26.08.2011;25.9
27.08.2011;23.3
28.08.2011;23.4
29.08.2011;24.8
30.08.2011;25.2
31.08.2011;25.2
01.09.2011;25.1
02.09.2011;24.8
03.09.2011;24.2
04.09.2011;24.3
05.09.2011;23.7
06.09.2011;23.4
07.09.2011;23.7
08.09.2011;24.6
09.09.2011;24.6
10.09.2011;24.7
11.09.2011;24.2
12.09.2011;24.6
13.09.2011;24.3
14.09.2011;25.3
15.09.2011;24.9
16.09.2011;24.6
17.09.2011;24.5
18.09.2011;22.4
19.09.2011;19.9
20.09.2011;20.7
21.09.2011;21.7
22.09.2011;22.7
23.09.2011;22.7
24.09.2011;21.4
25.09.2011;22.7
26.09.2011;21.4
27.09.2011;22.7
28.09.2011;22.6
29.09.2011;22.2
30.09.2011;21.7
01.10.2011;21.7
02.10.2011;21.1
03.10.2011;22.2
04.10.2011;22.3
05.10.2011;22.3
06.10.2011;22
07.10.2011;21
08.10.2011;19.4
09.10.2011;19.1
10.10.2011;22.1
11.10.2011;21.9
12.10.2011;22.4
13.10.2011;21.9
14.10.2011;21.2
15.10.2011;19.9
16.10.2011;19.9
17.10.2011;19.7
18.10.2011;19.6
19.10.2011;19.5
20.10.2011;16.9
21.10.2011;15.2
22.10.2011;17.7
23.10.2011;16.8
24.10.2011;17.6
25.10.2011;17.6
26.10.2011;16
27.10.2011;17.9
28.10.2011;17.7
29.10.2011;18.9
30.10.2011;18.5
31.10.2011;17.6
01.11.2011;19.2
02.11.2011;20.4
03.11.2011;19.9
04.11.2011;17.7
05.11.2011;17
06.11.2011;14.9
07.11.2011;16.6
08.11.2011;16.3
09.11.2011;15.4
10.11.2011;15.7
11.11.2011;16.4
12.11.2011;17.7
13.11.2011;17.3
14.11.2011;15.8
15.11.2011;16.3
16.11.2011;15.6
17.11.2011;16.1
18.11.2011;14.5
19.11.2011;14.2
20.11.2011;16.8
21.11.2011;16.3
22.11.2011;16.9
23.11.2011;15.7
24.11.2011;13.8
25.11.2011;13.4
26.11.2011;11.8
27.11.2011;11.5
28.11.2011;12.5
29.11.2011;13.8
30.11.2011;12.4
01.12.2011;12.8
02.12.2011;14.1
03.12.2011;12.8
04.12.2011;13.3
05.12.2011;13.2
06.12.2011;12.5
07.12.2011;12.2
08.12.2011;11.7
09.12.2011;10.4
10.12.2011;10.7
11.12.2011;9.7
12.12.2011;10.9
13.12.2011;12.7
14.12.2011;15
15.12.2011;13.7
16.12.2011;14.8
17.12.2011;11.6
18.12.2011;8.9
19.12.2011;7.6
20.12.2011;9.4
21.12.2011;11.1
22.12.2011;14.1
23.12.2011;11.2
24.12.2011;10.7
25.12.2011;8.6
26.12.2011;7.9
27.12.2011;9.3
28.12.2011;8.7
29.12.2011;9.4
30.12.2011;10.9
31.12.2011;12.7
01.01.2012;13
02.01.2012;13.2
03.01.2012;10.4
04.01.2012;10.7
05.01.2012;12.1
06.01.2012;14.3
07.01.2012;9.6
08.01.2012;9.4
09.01.2012;9.5
10.01.2012;8.7
11.01.2012;8.9
12.01.2012;8.7
13.01.2012;7.4
14.01.2012;6.6
15.01.2012;8.8
16.01.2012;9.6
17.01.2012;11.3
18.01.2012;8.9
19.01.2012;8.8
20.01.2012;10.8
21.01.2012;11.4
22.01.2012;11.6
23.01.2012;11.4
24.01.2012;10.6
25.01.2012;9.7
26.01.2012;9.6
27.01.2012;10.9
28.01.2012;9.7
29.01.2012;7.1
30.01.2012;7.3
31.01.2012;7.7
01.02.2012;6.5
02.02.2012;4.2
03.02.2012;2.9
04.02.2012;3.4
05.02.2012;3.1
06.02.2012;6
07.02.2012;7.6
08.02.2012;4.9
09.02.2012;5.8
10.02.2012;7.7
11.02.2012;6.1
12.02.2012;4.7
13.02.2012;5
14.02.2012;7.6
15.02.2012;8.8
16.02.2012;9.7
17.02.2012;10.6
18.02.2012;9
19.02.2012;9.1
20.02.2012;10.7
21.02.2012;8.2
22.02.2012;9.1
23.02.2012;11.1
24.02.2012;12.1
25.02.2012;11.4
26.02.2012;13.6
27.02.2012;12.7
28.02.2012;11.2
29.02.2012;11.8
01.03.2012;11.9
02.03.2012;11.6
03.03.2012;13.1
04.03.2012;13.7
05.03.2012;12.9
06.03.2012;11.2
07.03.2012;10.7
08.03.2012;11.3
09.03.2012;11.7
10.03.2012;11.5
11.03.2012;12.1
12.03.2012;13.6
13.03.2012;13.3
14.03.2012;13.4
15.03.2012;11.2
16.03.2012;12.6
17.03.2012;12.9
18.03.2012;15.3
19.03.2012;12.6
20.03.2012;12.1
21.03.2012;13.5
22.03.2012;12.6
23.03.2012;12.4
24.03.2012;13.4
25.03.2012;14.6
26.03.2012;14.8
27.03.2012;15.1
28.03.2012;15.6
29.03.2012;14.8
30.03.2012;16.7
31.03.2012;15.7
01.04.2012;15.7
02.04.2012;14.7
03.04.2012;14.8
04.04.2012;14.4
05.04.2012;14.4
06.04.2012;14
07.04.2012;13.4
08.04.2012;14.9
09.04.2012;14.4
10.04.2012;14.1
11.04.2012;15.2
12.04.2012;14.9
13.04.2012;14.1
14.04.2012;12.9
15.04.2012;12.6
16.04.2012;13.6
17.04.2012;12.3
18.04.2012;14.2
19.04.2012;15.4
20.04.2012;15.4
21.04.2012;16.1
22.04.2012;15.2
23.04.2012;15.4
24.04.2012;16.2
25.04.2012;15.1
26.04.2012;17.3
27.04.2012;17.7
28.04.2012;17.9
29.04.2012;15.9
30.04.2012;15.4
01.05.2012;14.7
02.05.2012;15.3
03.05.2012;15.5
04.05.2012;16.4
05.05.2012;17.4
06.05.2012;16.6
07.05.2012;16.7
08.05.2012;18.2
09.05.2012;18.2
10.05.2012;19.5
11.05.2012;20.6
12.05.2012;21.1
13.05.2012;20.1
14.05.2012;19.3
15.05.2012;19.4
16.05.2012;17.4
17.05.2012;17.3
18.05.2012;18
19.05.2012;18.3
20.05.2012;17.1
21.05.2012;16.6
22.05.2012;19.8
23.05.2012;19.8
24.05.2012;19.6
25.05.2012;20.8
26.05.2012;19.7
27.05.2012;20.5
28.05.2012;22.2
29.05.2012;21.9
30.05.2012;22.3
31.05.2012;22.5
01.06.2012;22.5
02.06.2012;22.9
03.06.2012;22.2
04.06.2012;21.1
05.06.2012;22.1
06.06.2012;22.5
07.06.2012;22.7
08.06.2012;22.4
09.06.2012;22
10.06.2012;23
11.06.2012;21.8
12.06.2012;21.7
13.06.2012;20.7
14.06.2012;21.5
15.06.2012;21.7
16.06.2012;22.4
17.06.2012;22.2
18.06.2012;23.1
19.06.2012;23.8
20.06.2012;24.4
21.06.2012;25.2
22.06.2012;23.4
23.06.2012;22.8
24.06.2012;24.2
25.06.2012;24.7
26.06.2012;25.3
27.06.2012;25.8
28.06.2012;26.2
29.06.2012;26
30.06.2012;25
01.07.2012;21.8
02.07.2012;20.9
03.07.2012;22.8
04.07.2012;24.1
05.07.2012;24.2
06.07.2012;23.1
07.07.2012;23.6
08.07.2012;24.1
09.07.2012;23.9
10.07.2012;24.8
11.07.2012;24.6
12.07.2012;24.2
13.07.2012;25.7
14.07.2012;24.4
15.07.2012;23.8
16.07.2012;24
17.07.2012;24.7
18.07.2012;26.1
19.07.2012;25.8
20.07.2012;25.4
21.07.2012;24.7
22.07.2012;24.7
23.07.2012;23.9
24.07.2012;23.9
25.07.2012;24.8
26.07.2012;25.6
27.07.2012;26.3
28.07.2012;26.4
29.07.2012;25.3
30.07.2012;25.9
31.07.2012;26.1
01.08.2012;26.7
02.08.2012;26.4
03.08.2012;26.2
04.08.2012;25.9
05.08.2012;25.8
06.08.2012;24.6
07.08.2012;24.4
08.08.2012;25.1
09.08.2012;26.3
10.08.2012;26.6
11.08.2012;26.8
12.08.2012;25.8
13.08.2012;26.2
14.08.2012;26.6
15.08.2012;27.4
16.08.2012;27.3
17.08.2012;26.6
18.08.2012;27
19.08.2012;27.5
20.08.2012;29.1
21.08.2012;28.1
22.08.2012;28.2
23.08.2012;28.8
24.08.2012;27.6
25.08.2012;28
26.08.2012;26.1
27.08.2012;27
28.08.2012;27.8
29.08.2012;26.9
30.08.2012;24.5
31.08.2012;23.1
01.09.2012;22.1
02.09.2012;21.4
03.09.2012;22.9
04.09.2012;24.3
05.09.2012;24.8
06.09.2012;25.4
07.09.2012;25.1
08.09.2012;24.7
09.09.2012;25.5
10.09.2012;25.2
11.09.2012;25.1
12.09.2012;24.7
13.09.2012;22.7
14.09.2012;23.3
15.09.2012;22.8
16.09.2012;23.6
17.09.2012;23.9
18.09.2012;23.7
19.09.2012;22.7
20.09.2012;22.1
21.09.2012;22.7
22.09.2012;23.1
23.09.2012;24.4
24.09.2012;25.3
25.09.2012;23.3
26.09.2012;20.4
27.09.2012;18.2
28.09.2012;20.9
29.09.2012;19.4
30.09.2012;19.3
01.10.2012;19.8
02.10.2012;18.7
03.10.2012;20.2
04.10.2012;21.4
05.10.2012;21.3
06.10.2012;20.8
07.10.2012;22.1
08.10.2012;22.2
09.10.2012;23.1
10.10.2012;22.8
11.10.2012;21.8
12.10.2012;18.9
13.10.2012;18.3
14.10.2012;18.6
15.10.2012;17
16.10.2012;16.8
17.10.2012;19.6
18.10.2012;22.1
19.10.2012;21.9
20.10.2012;21.9
21.10.2012;20.1
22.10.2012;18.4
23.10.2012;18.8
24.10.2012;18.7
25.10.2012;18.6
26.10.2012;18.3
27.10.2012;17.3
28.10.2012;12.1
29.10.2012;10.8
30.10.2012;11.3
31.10.2012;14.6
01.11.2012;15.2
02.11.2012;17.2
03.11.2012;16.5
04.11.2012;16.8
05.11.2012;15.8
06.11.2012;13.4
07.11.2012;11.7
08.11.2012;13.1
09.11.2012;14.7
10.11.2012;15.7
11.11.2012;13.6
12.11.2012;12.8
13.11.2012;14.2
14.11.2012;18.2
15.11.2012;15.3
16.11.2012;15.1
17.11.2012;16.1
18.11.2012;16.3
19.11.2012;14.9
20.11.2012;13.2
21.11.2012;13.9
22.11.2012;14.2
23.11.2012;13
24.11.2012;14.2
25.11.2012;14.1
26.11.2012;15.3
27.11.2012;11.1
28.11.2012;10.9
29.11.2012;11.7
30.11.2012;7.6
01.12.2012;6.2
02.12.2012;7.2
03.12.2012;10.8
04.12.2012;12.7
05.12.2012;11.2
06.12.2012;9.4
07.12.2012;9.8
08.12.2012;11.2
09.12.2012;7.9
10.12.2012;7.6
11.12.2012;8.4
12.12.2012;8.4
13.12.2012;10.8
14.12.2012;12.6
15.12.2012;16.8
16.12.2012;15.6
17.12.2012;14.7
18.12.2012;11.2
19.12.2012;11.3
20.12.2012;12.4
21.12.2012;14
22.12.2012;11.7
23.12.2012;12.3
24.12.2012;11.9
25.12.2012;12.1
26.12.2012;12.4
27.12.2012;10.9
28.12.2012;11.7
29.12.2012;10.7
30.12.2012;10.2
31.12.2012;8.8
01.01.2013;8.8
02.01.2013;8.9
03.01.2013;8.8
04.01.2013;10.6
05.01.2013;11.9
06.01.2013;12.3
07.01.2013;11.8
08.01.2013;10.5
09.01.2013;9.1
10.01.2013;9.2
11.01.2013;10.4
12.01.2013;8.7
13.01.2013;8.8
14.01.2013;8.8
15.01.2013;9.1
16.01.2013;10.3
17.01.2013;11
18.01.2013;10
19.01.2013;12.6
20.01.2013;11.1
21.01.2013;10.4
22.01.2013;9
23.01.2013;8.9
24.01.2013;9.4
25.01.2013;9.8
26.01.2013;9.2
27.01.2013;9.9
28.01.2013;12.6
29.01.2013;11.1
30.01.2013;11.7
31.01.2013;13.6
01.02.2013;14.6
02.02.2013;13.6
03.02.2013;10.6
04.02.2013;9.9
05.02.2013;12.2
06.02.2013;10.9
07.02.2013;9.1
08.02.2013;8.3
09.02.2013;7.7
10.02.2013;9.6
11.02.2013;10.4
12.02.2013;11
13.02.2013;9.7
14.02.2013;10.8
15.02.2013;11.4
16.02.2013;12.6
17.02.2013;12.1
18.02.2013;12.3
19.02.2013;12.2
20.02.2013;10.2
21.02.2013;11.3
22.02.2013;9.3
23.02.2013;5.3
24.02.2013;6.6
25.02.2013;5.8
26.02.2013;6.4
27.02.2013;7.7
28.02.2013;9.7
01.03.2013;10.6
02.03.2013;10.6
03.03.2013;10.2
04.03.2013;11
05.03.2013;13.2
06.03.2013;13.6
07.03.2013;14.6
08.03.2013;16
09.03.2013;14.8
10.03.2013;14.7
11.03.2013;14.6
12.03.2013;13.9
13.03.2013;8.3
14.03.2013;9.6
15.03.2013;9.5
16.03.2013;10.3
17.03.2013;12.9
18.03.2013;13.8
19.03.2013;11.9
20.03.2013;12.6
21.03.2013;12.1
22.03.2013;13.3
23.03.2013;13.5
24.03.2013;13.4
25.03.2013;14.4
26.03.2013;14.3
27.03.2013;13.9
28.03.2013;15.1
29.03.2013;16.4
30.03.2013;17.2
31.03.2013;14.2
01.04.2013;14.1
02.04.2013;14.8
03.04.2013;13.2
04.04.2013;14.1
05.04.2013;11
06.04.2013;10.4
07.04.2013;11.8
08.04.2013;14.3
09.04.2013;14.6
10.04.2013;15.9
11.04.2013;16.7
12.04.2013;17.2
13.04.2013;15.5
14.04.2013;15.8
15.04.2013;16.2
16.04.2013;17
17.04.2013;17.7
18.04.2013;16.2
19.04.2013;15.7
20.04.2013;14.4
21.04.2013;14.2
22.04.2013;14.3
23.04.2013;14.9
24.04.2013;15.8
25.04.2013;16.9
26.04.2013;16.4
27.04.2013;12.1
28.04.2013;10.4
29.04.2013;12.9
30.04.2013;14.1
01.05.2013;14.2
02.05.2013;14.5
03.05.2013;14.6
04.05.2013;15
05.05.2013;14.6
06.05.2013;16.2
07.05.2013;18.4
08.05.2013;19.4
09.05.2013;19.3
10.05.2013;18.2
11.05.2013;17.9
12.05.2013;17.4
13.05.2013;17.3
14.05.2013;16.9
15.05.2013;16.4
16.05.2013;13.9
17.05.2013;15.7
18.05.2013;16.4
19.05.2013;15
20.05.2013;14.7
21.05.2013;14.9
22.05.2013;18.6
23.05.2013;18.1
24.05.2013;15.6
25.05.2013;14.9
26.05.2013;16.3
27.05.2013;16.9
28.05.2013;16
29.05.2013;16.5
30.05.2013;16.4
31.05.2013;17.1
01.06.2013;21.7
02.06.2013;19.1
03.06.2013;18.4
04.06.2013;18.6
05.06.2013;19.1
06.06.2013;19.4
07.06.2013;19.8
08.06.2013;19.3
09.06.2013;18.9
10.06.2013;19.3
11.06.2013;20.6
12.06.2013;22.1
13.06.2013;22.7
14.06.2013;22.4
15.06.2013;23.2
16.06.2013;24.3
17.06.2013;23.8
18.06.2013;22.5
19.06.2013;21.8
20.06.2013;21.4
21.06.2013;21.4
22.06.2013;21.3
23.06.2013;21.6
24.06.2013;20.2
25.06.2013;21.1
26.06.2013;21.2
27.06.2013;21.3
28.06.2013;22.3
29.06.2013;22.3
30.06.2013;22.2
01.07.2013;22.9
02.07.2013;22.5
03.07.2013;23
04.07.2013;23.4
05.07.2013;23.9
06.07.2013;25.3
07.07.2013;26.1
08.07.2013;26.3
09.07.2013;25.6
10.07.2013;25.2
11.07.2013;25.1
12.07.2013;25.3
13.07.2013;26.3
14.07.2013;26.4
15.07.2013;26.5
16.07.2013;26.8
17.07.2013;26.8
18.07.2013;25.8
19.07.2013;25.7
20.07.2013;26.1
21.07.2013;25.8
22.07.2013;26.3
23.07.2013;26.4
24.07.2013;26.9
25.07.2013;26.8
26.07.2013;27.1
27.07.2013;28.2
28.07.2013;28.2
29.07.2013;26
30.07.2013;25.9
31.07.2013;25.9
01.08.2013;26
02.08.2013;26.3
03.08.2013;26
04.08.2013;26.3
05.08.2013;26.2
06.08.2013;27.1
;
